ThreadName, t_PayloadSize, t_NameLookup, t_AppConnect, t_Redirect, t_Connect, t_Pretransfer, t_Transfer, t_Total,t_OveralTotal, t_Timestamp
SafeThread-1, 512, 0.06790200, 0.06790200, 0.06790200, 0.00685300, 0.06790200, 0.13852400, 0.13864000, 1461344416687
SafeThread-1, 1024, 0.08151300, 0.08151300, 0.08151300, 0.00657500, 0.08151300, 0.16969000, 0.16979200, 1461344637123
SafeThread-1, 1536, 0.08888700, 0.08888700, 0.08888700, 0.00663800, 0.08888700, 0.21633600, 0.21644300, 1461344907800
SafeThread-1, 2048, 0.09283000, 0.09283000, 0.09283000, 0.00671300, 0.09283000, 0.23816100, 0.23825600, 1461345201532
SafeThread-1, 2560, 0.09654100, 0.09654100, 0.09654100, 0.00692100, 0.09654100, 0.28122700, 0.28133700, 1461345540242
SafeThread-1, 3072, 0.09501900, 0.09501900, 0.09501900, 0.00681200, 0.09501900, 0.29860700, 0.29871700, 1461345895549
SafeThread-1, 3584, 0.09645900, 0.09645900, 0.09645900, 0.00697000, 0.09645900, 0.33890900, 0.33902600, 1461346291888
SafeThread-1, 4096, 0.09526600, 0.09526600, 0.09526600, 0.00688100, 0.09526600, 0.30434100, 0.30446300, 1461346653267
SafeThread-1, 4608, 0.09703600, 0.09703600, 0.09703600, 0.00721900, 0.09703600, 0.43708700, 0.43720300, 1461347148044
SafeThread-1, 5120, 0.09644800, 0.09644800, 0.09644800, 0.00690400, 0.09644800, 0.36691300, 0.36704700, 1461347572046
SafeThread-1, 5632, 0.09563800, 0.09563800, 0.09563800, 0.00658300, 0.09563800, 0.48507300, 0.48521200, 1461348114668
SafeThread-1, 6144, 0.09624400, 0.09624400, 0.09624400, 0.00768200, 0.09624400, 0.50083600, 0.50095800, 1461348672665
SafeThread-1, 6656, 0.09564700, 0.09564700, 0.09564700, 0.00701400, 0.09564700, 0.44448600, 0.44463100, 1461349174421
SafeThread-1, 7168, 0.09668000, 0.09668000, 0.09668000, 0.00706700, 0.09668000, 0.53813400, 0.53828200, 1461349770317
SafeThread-1, 7680, 0.09564200, 0.09564200, 0.09564200, 0.00720200, 0.09564200, 0.52524000, 0.52537600, 1461350352925
SafeThread-1, 8192, 0.09716900, 0.09716900, 0.09716900, 0.00740000, 0.09716900, 0.50350200, 0.51089300, 1461350921674
SafeThread-1, 8704, 0.09443700, 0.09443700, 0.09443700, 0.00677000, 0.09443700, 0.70723500, 0.71413300, 1461351692992
SafeThread-1, 9216, 0.09636800, 0.09636800, 0.09636800, 0.00716600, 0.09636800, 0.46101300, 0.46815900, 1461352219071
SafeThread-1, 9728, 0.09514100, 0.09514100, 0.09514100, 0.00677000, 0.09514100, 0.50834200, 0.51548200, 1461352792015
SafeThread-1, 10240, 0.09643100, 0.09643100, 0.09643100, 0.00710000, 0.09643100, 0.54311400, 0.55005500, 1461353399709
SafeThread-1, 10752, 0.09656000, 0.09656000, 0.09656000, 0.00724700, 0.09656000, 0.60858300, 0.61557700, 1461354072719
SafeThread-1, 11264, 0.09626300, 0.09626300, 0.09626300, 0.00689500, 0.09626300, 0.43725500, 0.44453400, 1461354574609
SafeThread-1, 11776, 0.09673100, 0.09673100, 0.09673100, 0.00713300, 0.09673100, 0.44970300, 0.45658600, 1461355089351
SafeThread-1, 12288, 0.09568800, 0.09568800, 0.09568800, 0.00703100, 0.09568800, 0.40028700, 0.40739900, 1461355554083
SafeThread-1, 12800, 0.09623000, 0.09623000, 0.09623000, 0.00708300, 0.09623000, 0.64262000, 0.64975000, 1461356261329
SafeThread-1, 13312, 0.09623200, 0.09623200, 0.09623200, 0.00727700, 0.09623200, 0.51950300, 0.52653700, 1461356845245
SafeThread-1, 13824, 0.09620500, 0.09620500, 0.09620500, 0.00692400, 0.09620500, 0.46033800, 0.46721000, 1461357370057
SafeThread-1, 14336, 0.09713900, 0.09713900, 0.09713900, 0.00748200, 0.09713900, 0.38834300, 0.39512600, 1461357822569
SafeThread-1, 14848, 0.09581000, 0.09581000, 0.09581000, 0.00667400, 0.09581000, 0.41820700, 0.42516000, 1461358305057
SafeThread-1, 15360, 0.09635500, 0.09635500, 0.09635500, 0.00723100, 0.09635500, 0.53679800, 0.54368300, 1461358906006
SafeThread-1, 15872, 0.09541600, 0.09541600, 0.09541600, 0.00688500, 0.09541600, 0.51746100, 0.52447700, 1461359488250
SafeThread-1, 16384, 0.09549300, 0.09549300, 0.09549300, 0.00689100, 0.09549300, 0.48869300, 0.49550200, 1461360040936
SafeThread-1, 16896, 0.09574600, 0.09574600, 0.09574600, 0.00693000, 0.09574600, 0.69551700, 0.70262200, 1461360801181
SafeThread-1, 17408, 0.09599000, 0.09599000, 0.09599000, 0.00723500, 0.09599000, 0.50432500, 0.51144300, 1461361370019
SafeThread-1, 17920, 0.09607400, 0.09607400, 0.09607400, 0.00699800, 0.09607400, 0.47344400, 0.48047900, 1461361907557
SafeThread-1, 18432, 0.09577400, 0.09577400, 0.09577400, 0.00697800, 0.09577400, 0.39183300, 0.39903500, 1461362363777
SafeThread-1, 18944, 0.09683600, 0.09683600, 0.09683600, 0.00679100, 0.09683600, 0.57280600, 0.58009300, 1461363001616
SafeThread-1, 19456, 0.09676100, 0.09676100, 0.09676100, 0.00730600, 0.09676100, 0.50881100, 0.51621800, 1461363575673
SafeThread-1, 19968, 0.09616100, 0.09616100, 0.09616100, 0.00659200, 0.09616100, 0.41237400, 0.41983900, 1461364053058
SafeThread-1, 20480, 0.09512400, 0.09512400, 0.09512400, 0.00708300, 0.09512400, 0.35151800, 0.35914800, 1461364469146
SafeThread-1, 20992, 0.09500300, 0.09500300, 0.09500300, 0.00695000, 0.09500300, 0.53087600, 0.53858700, 1461365064953
SafeThread-1, 21504, 0.09663700, 0.09663700, 0.09663700, 0.00731800, 0.09663700, 0.59157400, 0.59930300, 1461365721705
SafeThread-1, 22016, 0.09685800, 0.09685800, 0.09685800, 0.00697700, 0.09685800, 0.50653200, 0.51452800, 1461366294325
SafeThread-1, 22528, 0.09633100, 0.09633100, 0.09633100, 0.00730900, 0.09633100, 0.49244000, 0.50025500, 1461366852022
SafeThread-1, 23040, 0.09472900, 0.09472900, 0.09472900, 0.00697300, 0.09472900, 0.43044300, 0.43837400, 1461367347031
SafeThread-1, 23552, 0.09567700, 0.09567700, 0.09567700, 0.00692500, 0.09567700, 0.42839600, 0.43648200, 1461367841058
SafeThread-1, 24064, 0.09492300, 0.09492300, 0.09492300, 0.00710000, 0.09492300, 0.41562400, 0.42383800, 1461368322064
SafeThread-1, 24576, 0.09563700, 0.09563700, 0.09563700, 0.00727800, 0.09563700, 0.46329300, 0.47158700, 1461368850755
SafeThread-1, 25088, 0.09569100, 0.09569100, 0.09569100, 0.00727000, 0.09569100, 0.53015500, 0.53826900, 1461369446203
SafeThread-1, 25600, 0.09524900, 0.09524900, 0.09524900, 0.00707000, 0.09524900, 0.65184200, 0.66024900, 1461370163400
SafeThread-1, 26112, 0.09584600, 0.09584600, 0.09584600, 0.00708800, 0.09584600, 0.44369200, 0.45220800, 1461370673131
SafeThread-1, 26624, 0.09642000, 0.09642000, 0.09642000, 0.00704500, 0.09642000, 0.53698900, 0.54571700, 1461371276144
SafeThread-1, 27136, 0.09642600, 0.09642600, 0.09642600, 0.00730400, 0.09642600, 0.34850000, 0.35711700, 1461371690565
SafeThread-1, 27648, 0.09618200, 0.09618200, 0.09618200, 0.00714800, 0.09618200, 0.44230800, 0.45107500, 1461372199788
SafeThread-1, 28160, 0.09679800, 0.09679800, 0.09679800, 0.00715800, 0.09679800, 0.44273100, 0.45167600, 1461372709418
SafeThread-1, 28672, 0.09673600, 0.09673600, 0.09673600, 0.00689600, 0.09673600, 0.41390700, 0.42259500, 1461373189582
SafeThread-1, 29184, 0.09522000, 0.09522000, 0.09522000, 0.00715800, 0.09522000, 0.39635100, 0.40555800, 1461373652347
SafeThread-1, 29696, 0.09629600, 0.09629600, 0.09629600, 0.00741500, 0.09629600, 0.48503700, 0.49433700, 1461374204272
SafeThread-1, 30208, 0.09498200, 0.09498200, 0.09498200, 0.00673300, 0.09498200, 0.43327200, 0.44248000, 1461374703947
SafeThread-1, 30720, 0.09630100, 0.09630100, 0.09630100, 0.00717000, 0.09630100, 0.46354700, 0.47282500, 1461375234298
SafeThread-1, 31232, 0.09583500, 0.09583500, 0.09583500, 0.00687000, 0.09583500, 0.41846300, 0.42746100, 1461375718966
SafeThread-1, 31744, 0.09539800, 0.09539800, 0.09539800, 0.00681200, 0.09539800, 0.40355100, 0.41290500, 1461376189257
SafeThread-1, 32256, 0.09537000, 0.09537000, 0.09537000, 0.00674700, 0.09537000, 0.53491700, 0.54439300, 1461376791393
SafeThread-1, 32768, 0.09720800, 0.09720800, 0.09720800, 0.00709000, 0.09720800, 0.42271600, 0.43210200, 1461377281672
SafeThread-1, 33280, 0.09497300, 0.09497300, 0.09497300, 0.00739300, 0.09497300, 0.58791700, 0.59717100, 1461377936305
SafeThread-1, 33792, 0.09569500, 0.09569500, 0.09569500, 0.00714800, 0.09569500, 0.48609200, 0.49586700, 1461378489069
SafeThread-1, 34304, 0.09639800, 0.09639800, 0.09639800, 0.00711900, 0.09639800, 0.54150600, 0.55151900, 1461379097965
SafeThread-1, 34816, 0.09647300, 0.09647300, 0.09647300, 0.00696000, 0.09647300, 0.60244400, 0.61252100, 1461379768658
SafeThread-1, 35328, 0.09672800, 0.09672800, 0.09672800, 0.00686000, 0.09672800, 0.44123100, 0.45130500, 1461380277702
SafeThread-1, 35840, 0.09573500, 0.09573500, 0.09573500, 0.00693600, 0.09573500, 0.40993700, 0.41961500, 1461380754789
SafeThread-1, 36352, 0.09497100, 0.09497100, 0.09497100, 0.00698200, 0.09497100, 0.58819600, 0.59826300, 1461381409832
SafeThread-1, 36864, 0.09562400, 0.09562400, 0.09562400, 0.00718200, 0.09562400, 0.45503500, 0.46515300, 1461381932374
SafeThread-1, 37376, 0.09655100, 0.09655100, 0.09655100, 0.00729400, 0.09655100, 0.35619900, 0.36659400, 1461382356274
SafeThread-1, 37888, 0.09605100, 0.09605100, 0.09605100, 0.00712300, 0.09605100, 0.55021000, 0.56086700, 1461382974607
SafeThread-1, 38400, 0.09590800, 0.09590800, 0.09590800, 0.00701800, 0.09590800, 0.49805900, 0.50880400, 1461383541153
SafeThread-1, 38912, 0.09629600, 0.09629600, 0.09629600, 0.00675500, 0.09629600, 0.51723700, 0.52776000, 1461384126285
SafeThread-1, 39424, 0.09550100, 0.09550100, 0.09550100, 0.00703100, 0.09550100, 0.43366300, 0.44456500, 1461384627811
SafeThread-1, 39936, 0.09528200, 0.09528200, 0.09528200, 0.00705600, 0.09528200, 0.43500800, 0.44613600, 1461385131456
SafeThread-1, 40448, 0.09625200, 0.09625200, 0.09625200, 0.00733900, 0.09625200, 0.52301000, 0.53394100, 1461385723257
SafeThread-1, 40960, 0.09477400, 0.09477400, 0.09477400, 0.00682900, 0.09477400, 0.49942800, 0.51066600, 1461386290682
SafeThread-1, 41472, 0.09643800, 0.09643800, 0.09643800, 0.00690400, 0.09643800, 0.51757700, 0.52844100, 1461386876878
SafeThread-1, 41984, 0.09626800, 0.09626800, 0.09626800, 0.00706300, 0.09626800, 0.51549300, 0.52651700, 1461387461603
SafeThread-1, 42496, 0.09526400, 0.09526400, 0.09526400, 0.00716300, 0.09526400, 0.43103100, 0.44208300, 1461387960859
SafeThread-1, 43008, 0.09531100, 0.09531100, 0.09531100, 0.00692800, 0.09531100, 0.51131400, 0.52252200, 1461388540631
SafeThread-1, 43520, 0.09678600, 0.09678600, 0.09678600, 0.00684600, 0.09678600, 0.38121900, 0.39278000, 1461388991173
SafeThread-1, 44032, 0.09672500, 0.09672500, 0.09672500, 0.00735700, 0.09672500, 0.39766100, 0.40921200, 1461389458223
SafeThread-1, 44544, 0.09491000, 0.09491000, 0.09491000, 0.00670900, 0.09491000, 0.36621300, 0.37784900, 1461389893395
SafeThread-1, 45056, 0.09501400, 0.09501400, 0.09501400, 0.00691700, 0.09501400, 0.56041100, 0.57181700, 1461390522476
SafeThread-1, 45568, 0.09603700, 0.09603700, 0.09603700, 0.00674900, 0.09603700, 0.40021700, 0.41224500, 1461390992042
SafeThread-1, 46080, 0.09604200, 0.09604200, 0.09604200, 0.00721900, 0.09604200, 0.38101200, 0.39284500, 1461391442296
SafeThread-1, 46592, 0.09549600, 0.09549600, 0.09549600, 0.00690800, 0.09549600, 0.56315500, 0.57512900, 1461392074973
SafeThread-1, 47104, 0.09698100, 0.09698100, 0.09698100, 0.00730000, 0.09698100, 0.45063600, 0.46265900, 1461392595823
SafeThread-1, 47616, 0.09510000, 0.09510000, 0.09510000, 0.00709700, 0.09510000, 0.45203200, 0.46404500, 1461393116868
SafeThread-1, 48128, 0.09538900, 0.09538900, 0.09538900, 0.00708800, 0.09538900, 0.48796700, 0.50039000, 1461393674760
SafeThread-1, 48640, 0.09630700, 0.09630700, 0.09630700, 0.00709300, 0.09630700, 0.58921900, 0.60094800, 1461394333415
SafeThread-1, 49152, 0.09561900, 0.09561900, 0.09561900, 0.00721400, 0.09561900, 0.47167300, 0.48399800, 1461394874802
SafeThread-1, 49664, 0.09477100, 0.09477100, 0.09477100, 0.00724900, 0.09477100, 0.55218200, 0.56458000, 1461395496167
SafeThread-1, 50176, 0.09728700, 0.09728700, 0.09728700, 0.00690300, 0.09728700, 0.45629800, 0.46890800, 1461396023189
SafeThread-1, 50688, 0.09638000, 0.09638000, 0.09638000, 0.00715500, 0.09638000, 0.55328400, 0.56600300, 1461396647108
SafeThread-1, 51200, 0.09499700, 0.09499700, 0.09499700, 0.00681800, 0.09499700, 0.43776700, 0.45037900, 1461397154783
SafeThread-1, 51712, 0.09603000, 0.09603000, 0.09603000, 0.00685200, 0.09603000, 0.55125200, 0.56387500, 1461397776177
SafeThread-1, 52224, 0.09593200, 0.09593200, 0.09593200, 0.00731200, 0.09593200, 0.53502000, 0.54800600, 1461398381825
SafeThread-1, 52736, 0.09627700, 0.09627700, 0.09627700, 0.00724300, 0.09627700, 0.50113300, 0.51396000, 1461398953603
SafeThread-1, 53248, 0.09552600, 0.09552600, 0.09552600, 0.00715700, 0.09552600, 0.41964700, 0.43310800, 1461399444198
SafeThread-1, 53760, 0.09707400, 0.09707400, 0.09707400, 0.00695500, 0.09707400, 0.46891600, 0.48224600, 1461399985041
SafeThread-1, 54272, 0.09673800, 0.09673800, 0.09673800, 0.00691600, 0.09673800, 0.37272200, 0.38584700, 1461400429005
SafeThread-1, 54784, 0.09868100, 0.09868100, 0.09868100, 0.00745800, 0.09868100, 0.41875800, 0.43226800, 1461400920325
SafeThread-1, 55296, 0.09596600, 0.09596600, 0.09596600, 0.00675900, 0.09596600, 0.58558300, 0.59903900, 1461401577158
SafeThread-1, 55808, 0.09662500, 0.09662500, 0.09662500, 0.00735900, 0.09662500, 0.51617700, 0.52977500, 1461402164953
SafeThread-1, 56320, 0.09449000, 0.09449000, 0.09449000, 0.00697200, 0.09449000, 0.60785900, 0.62197500, 1461402844465
SafeThread-1, 56832, 0.09640400, 0.09640400, 0.09640400, 0.00734600, 0.09640400, 0.51023300, 0.52367500, 1461403425962
SafeThread-1, 57344, 0.09716400, 0.09716400, 0.09716400, 0.00750000, 0.09716400, 0.48450500, 0.49805300, 1461403981899
SafeThread-1, 57856, 0.09592700, 0.09592700, 0.09592700, 0.00685400, 0.09592700, 0.46165100, 0.47595300, 1461404515391
SafeThread-1, 58368, 0.09638500, 0.09638500, 0.09638500, 0.00699600, 0.09638500, 0.49559800, 0.50971400, 1461405083228
SafeThread-1, 58880, 0.09640500, 0.09640500, 0.09640500, 0.00723200, 0.09640500, 0.44600300, 0.46010300, 1461405601411
SafeThread-1, 59392, 0.09845700, 0.09845700, 0.09845700, 0.00678500, 0.09845700, 0.48650900, 0.49990600, 1461406160073
SafeThread-1, 59904, 0.09725600, 0.09725600, 0.09725600, 0.00703900, 0.09725600, 0.37548700, 0.38928300, 1461406607586
SafeThread-1, 60416, 0.09545200, 0.09545200, 0.09545200, 0.00719900, 0.09545200, 0.42512600, 0.43942500, 1461407104412
SafeThread-1, 60928, 0.09467700, 0.09467700, 0.09467700, 0.00687200, 0.09467700, 0.55037300, 0.56454000, 1461407726609
SafeThread-1, 61440, 0.09584000, 0.09584000, 0.09584000, 0.00705600, 0.09584000, 0.51774100, 0.53163800, 1461408316107
SafeThread-1, 61952, 0.09688700, 0.09688700, 0.09688700, 0.00719100, 0.09688700, 0.54926900, 0.56368600, 1461408938081
SafeThread-1, 62464, 0.09648600, 0.09648600, 0.09648600, 0.00702300, 0.09648600, 0.43733900, 0.45180800, 1461409447816
SafeThread-1, 62976, 0.09636800, 0.09636800, 0.09636800, 0.00716000, 0.09636800, 0.38933800, 0.40399900, 1461409909799
SafeThread-1, 63488, 0.09639500, 0.09639500, 0.09639500, 0.00701400, 0.09639500, 0.55369200, 0.56875000, 1461410536439
SafeThread-1, 64000, 0.09521800, 0.09521800, 0.09521800, 0.00663900, 0.09521800, 0.40640000, 0.42108500, 1461411015377
SafeThread-1, 64512, 0.09771600, 0.09771600, 0.09771600, 0.00681200, 0.09771600, 0.61969800, 0.63435000, 1461411708970
SafeThread-1, 65024, 0.09667800, 0.09667800, 0.09667800, 0.00695700, 0.09667800, 0.34737500, 0.36208300, 1461412128999
SafeThread-1, 65536, 0.09652900, 0.09652900, 0.09652900, 0.00711200, 0.09652900, 0.49520100, 0.51054200, 1461412697661
SafeThread-1, 66048, 0.09682400, 0.09682400, 0.09682400, 0.00679000, 0.09682400, 0.43118700, 0.44636700, 1461413201954
SafeThread-1, 66560, 0.09681900, 0.09681900, 0.09681900, 0.00741400, 0.09681900, 0.57805900, 0.59338400, 1461413853359
SafeThread-1, 67072, 0.09734100, 0.09734100, 0.09734100, 0.00732000, 0.09734100, 0.68948800, 0.70450200, 1461414616259
SafeThread-1, 67584, 0.09639900, 0.09639900, 0.09639900, 0.00741900, 0.09639900, 0.41476600, 0.43033300, 1461415104712
SafeThread-1, 68096, 0.09707200, 0.09707200, 0.09707200, 0.00730400, 0.09707200, 0.49536000, 0.51110000, 1461415674448
SafeThread-1, 68608, 0.09604800, 0.09604800, 0.09604800, 0.00717200, 0.09604800, 0.60652300, 0.62218000, 1461416355034
SafeThread-1, 69120, 0.09799800, 0.09799800, 0.09799800, 0.00719800, 0.09799800, 0.57001900, 0.58615000, 1461417000391
SafeThread-1, 69632, 0.09751400, 0.09751400, 0.09751400, 0.00731600, 0.09751400, 0.48865800, 0.50467800, 1461417563842
SafeThread-1, 70144, 0.09634000, 0.09634000, 0.09634000, 0.00699200, 0.09634000, 0.57168800, 0.58765900, 1461418209761
SafeThread-1, 70656, 0.09726500, 0.09726500, 0.09726500, 0.00744300, 0.09726500, 0.54354900, 0.55943100, 1461418828046
SafeThread-1, 71168, 0.09625300, 0.09625300, 0.09625300, 0.00728500, 0.09625300, 0.52030700, 0.53628000, 1461419422600
SafeThread-1, 71680, 0.09754100, 0.09754100, 0.09754100, 0.00716700, 0.09754100, 0.52269200, 0.53881300, 1461420020296
SafeThread-1, 72192, 0.09859900, 0.09859900, 0.09859900, 0.00685900, 0.09859900, 0.41141600, 0.42717400, 1461420507025
SafeThread-1, 72704, 0.09802500, 0.09802500, 0.09802500, 0.00705000, 0.09802500, 0.46009300, 0.47584100, 1461421042432
SafeThread-1, 73216, 0.09660800, 0.09660800, 0.09660800, 0.00729000, 0.09660800, 0.50979400, 0.52623500, 1461421627527
SafeThread-1, 73728, 0.09821600, 0.09821600, 0.09821600, 0.00723800, 0.09821600, 0.54257800, 0.55982400, 1461422246630
SafeThread-1, 74240, 0.09855700, 0.09855700, 0.09855700, 0.00705500, 0.09855700, 0.49112200, 0.50810200, 1461422814429
SafeThread-1, 74752, 0.09922400, 0.09922400, 0.09922400, 0.00747300, 0.09922400, 0.49183100, 0.50846200, 1461423382747
SafeThread-1, 75264, 0.09955800, 0.09955800, 0.09955800, 0.00721200, 0.09955800, 0.50958000, 0.52691300, 1461423970147
SafeThread-1, 75776, 0.09836000, 0.09836000, 0.09836000, 0.00721300, 0.09836000, 0.39463400, 0.41174500, 1461424441681
SafeThread-1, 76288, 0.09814200, 0.09814200, 0.09814200, 0.00723100, 0.09814200, 0.44812400, 0.46554400, 1461424966345
SafeThread-1, 76800, 0.09849900, 0.09849900, 0.09849900, 0.00743100, 0.09849900, 0.59369700, 0.61096800, 1461425636845
SafeThread-1, 77312, 0.09806900, 0.09806900, 0.09806900, 0.00750300, 0.09806900, 0.51177000, 0.52937000, 1461426225587
SafeThread-1, 77824, 0.09812100, 0.09812100, 0.09812100, 0.00761800, 0.09812100, 0.59278800, 0.61072100, 1461426895833
SafeThread-1, 78336, 0.09830800, 0.09830800, 0.09830800, 0.00704200, 0.09830800, 0.53745900, 0.55508100, 1461427510887
SafeThread-1, 78848, 0.09710000, 0.09710000, 0.09710000, 0.00697300, 0.09710000, 0.42234500, 0.43980500, 1461428009733
SafeThread-1, 79360, 0.09862100, 0.09862100, 0.09862100, 0.00725500, 0.09862100, 0.35944400, 0.37733900, 1461428446502
SafeThread-1, 79872, 0.09780600, 0.09780600, 0.09780600, 0.00716100, 0.09780600, 0.47173300, 0.48940700, 1461428995664
SafeThread-1, 80384, 0.09821700, 0.09821700, 0.09821700, 0.00716200, 0.09821700, 0.37519600, 0.39304600, 1461429448284
SafeThread-1, 80896, 0.09759600, 0.09759600, 0.09759600, 0.00748700, 0.09759600, 0.50712500, 0.52509600, 1461430032414
SafeThread-1, 81408, 0.09640700, 0.09640700, 0.09640700, 0.00734500, 0.09640700, 0.40985300, 0.42812400, 1461430518878
SafeThread-1, 81920, 0.09693600, 0.09693600, 0.09693600, 0.00707700, 0.09693600, 0.47231200, 0.49051800, 1461431067606
SafeThread-1, 82432, 0.09708200, 0.09708200, 0.09708200, 0.00705800, 0.09708200, 0.78079300, 0.79893100, 1461431925513
SafeThread-1, 82944, 0.09700300, 0.09700300, 0.09700300, 0.00742700, 0.09700300, 0.55618300, 0.57434400, 1461432558728
SafeThread-1, 83456, 0.09732400, 0.09732400, 0.09732400, 0.00731600, 0.09732400, 0.47307400, 0.49186700, 1461433109216
SafeThread-1, 83968, 0.09727300, 0.09727300, 0.09727300, 0.00727500, 0.09727300, 0.46112800, 0.47872600, 1461433646471
SafeThread-1, 84480, 0.09684900, 0.09684900, 0.09684900, 0.00710600, 0.09684900, 0.47548800, 0.49413500, 1461434199090
SafeThread-1, 84992, 0.09758400, 0.09758400, 0.09758400, 0.00687100, 0.09758400, 0.54398100, 0.56235500, 1461434820349
SafeThread-1, 85504, 0.09773800, 0.09773800, 0.09773800, 0.00750300, 0.09773800, 0.39526700, 0.41349600, 1461435292374
SafeThread-1, 86016, 0.09762300, 0.09762300, 0.09762300, 0.00721800, 0.09762300, 0.37985100, 0.39811300, 1461435749292
SafeThread-1, 86528, 0.09709400, 0.09709400, 0.09709400, 0.00722800, 0.09709400, 0.44432000, 0.46298500, 1461436270887
SafeThread-1, 87040, 0.09808500, 0.09808500, 0.09808500, 0.00680500, 0.09808500, 0.41349900, 0.43189300, 1461436761920
SafeThread-1, 87552, 0.09652300, 0.09652300, 0.09652300, 0.00712500, 0.09652300, 0.41056000, 0.42929600, 1461437249384
SafeThread-1, 88064, 0.09762100, 0.09762100, 0.09762100, 0.00727100, 0.09762100, 0.43202500, 0.45075100, 1461437758869
SafeThread-1, 88576, 0.09605900, 0.09605900, 0.09605900, 0.00708600, 0.09605900, 0.44420400, 0.46323400, 1461438280192
SafeThread-1, 89088, 0.09725800, 0.09725800, 0.09725800, 0.00727500, 0.09725800, 0.50924900, 0.52835500, 1461438867156
SafeThread-1, 89600, 0.09562900, 0.09562900, 0.09562900, 0.00710100, 0.09562900, 0.47890100, 0.49855300, 1461439423345
SafeThread-1, 90112, 0.09667400, 0.09667400, 0.09667400, 0.00731400, 0.09667400, 0.44465400, 0.46338900, 1461439944673
SafeThread-1, 90624, 0.09722000, 0.09722000, 0.09722000, 0.00723800, 0.09722000, 0.42931900, 0.44841000, 1461440451905
SafeThread-1, 91136, 0.09623200, 0.09623200, 0.09623200, 0.00713000, 0.09623200, 0.41068900, 0.42980900, 1461440940074
SafeThread-1, 91648, 0.09543800, 0.09543800, 0.09543800, 0.00728400, 0.09543800, 0.49273700, 0.51226700, 1461441509954
SafeThread-1, 92160, 0.09638100, 0.09638100, 0.09638100, 0.00723300, 0.09638100, 0.52802700, 0.54780100, 1461442116515
SafeThread-1, 92672, 0.09697800, 0.09697800, 0.09697800, 0.00742300, 0.09697800, 0.38243400, 0.40196900, 1461442577937
SafeThread-1, 93184, 0.09646100, 0.09646100, 0.09646100, 0.00744600, 0.09646100, 0.49556400, 0.51526700, 1461443151983
SafeThread-1, 93696, 0.09708100, 0.09708100, 0.09708100, 0.00731800, 0.09708100, 0.46528200, 0.48487300, 1461443695488
SafeThread-1, 94208, 0.09678800, 0.09678800, 0.09678800, 0.00720100, 0.09678800, 0.69546900, 0.71525900, 1461444469524
SafeThread-1, 94720, 0.09549900, 0.09549900, 0.09549900, 0.00680300, 0.09549900, 0.49431500, 0.51441300, 1461445042797
SafeThread-1, 95232, 0.09685900, 0.09685900, 0.09685900, 0.00712800, 0.09685900, 0.46268700, 0.48261500, 1461445584479
SafeThread-1, 95744, 0.09639300, 0.09639300, 0.09639300, 0.00722900, 0.09639300, 0.46131000, 0.48195200, 1461446124889
SafeThread-1, 96256, 0.09631600, 0.09631600, 0.09631600, 0.00715700, 0.09631600, 0.46251300, 0.48259900, 1461446666329
SafeThread-1, 96768, 0.09546500, 0.09546500, 0.09546500, 0.00739600, 0.09546500, 0.38223100, 0.40289500, 1461447127158
SafeThread-1, 97280, 0.09666100, 0.09666100, 0.09666100, 0.00725800, 0.09666100, 0.56291400, 0.58354600, 1461447769007
SafeThread-1, 97792, 0.09728900, 0.09728900, 0.09728900, 0.00722300, 0.09728900, 0.49761500, 0.51754700, 1461448345401
SafeThread-1, 98304, 0.09681200, 0.09681200, 0.09681200, 0.00741000, 0.09681200, 0.56348200, 0.58406000, 1461448987642
SafeThread-1, 98816, 0.09627000, 0.09627000, 0.09627000, 0.00750100, 0.09627000, 0.64518800, 0.66565400, 1461449711493
SafeThread-1, 99328, 0.09593900, 0.09593900, 0.09593900, 0.00722500, 0.09593900, 0.52455300, 0.54495300, 1461450314723
SafeThread-1, 99840, 0.09668300, 0.09668300, 0.09668300, 0.00736700, 0.09668300, 0.50683500, 0.52727200, 1461450900108
SafeThread-1, 100352, 0.09562200, 0.09562200, 0.09562200, 0.00726200, 0.09562200, 0.48626000, 0.50750700, 1461451466391
SafeThread-1, 100864, 0.09925800, 0.09925800, 0.09925800, 0.00755300, 0.09925800, 0.41232900, 0.43261900, 1461451958669
SafeThread-1, 101376, 0.09569000, 0.09569000, 0.09569000, 0.00724700, 0.09569000, 0.56765400, 0.58911700, 1461452605938
SafeThread-1, 101888, 0.09638500, 0.09638500, 0.09638500, 0.00737400, 0.09638500, 0.48753700, 0.50892100, 1461453173569
SafeThread-1, 102400, 0.09533800, 0.09533800, 0.09533800, 0.00729200, 0.09533800, 0.60105200, 0.62263400, 1461453854208
SafeThread-1, 102912, 0.09582800, 0.09582800, 0.09582800, 0.00748000, 0.09582800, 0.45140000, 0.47327700, 1461454385614
SafeThread-1, 103424, 0.09565000, 0.09565000, 0.09565000, 0.00701700, 0.09565000, 0.35578000, 0.37741600, 1461454821737
SafeThread-1, 103936, 0.09720600, 0.09720600, 0.09720600, 0.00724800, 0.09720600, 0.53415000, 0.55558500, 1461455436661
SafeThread-1, 104448, 0.09662000, 0.09662000, 0.09662000, 0.00746200, 0.09662000, 0.53407000, 0.55556100, 1461456051145
SafeThread-1, 104960, 0.09656900, 0.09656900, 0.09656900, 0.00720900, 0.09656900, 0.53544700, 0.55740700, 1461456667236
SafeThread-1, 105472, 0.09664600, 0.09664600, 0.09664600, 0.00729800, 0.09664600, 0.61568700, 0.63707700, 1461457363125
SafeThread-1, 105984, 0.09549200, 0.09549200, 0.09549200, 0.00717400, 0.09549200, 0.45510800, 0.47704900, 1461457898670
SafeThread-1, 106496, 0.09563400, 0.09563400, 0.09563400, 0.00717600, 0.09563400, 0.43588700, 0.45843100, 1461458415450
SafeThread-1, 107008, 0.09555500, 0.09555500, 0.09555500, 0.00697000, 0.09555500, 0.59525900, 0.61691400, 1461459090388
SafeThread-1, 107520, 0.09826000, 0.09826000, 0.09826000, 0.00744700, 0.09826000, 0.51489800, 0.53669600, 1461459686464
SafeThread-1, 108032, 0.09583300, 0.09583300, 0.09583300, 0.00710700, 0.09583300, 0.43532500, 0.45728200, 1461460202286
SafeThread-1, 108544, 0.09532600, 0.09532600, 0.09532600, 0.00700600, 0.09532600, 0.56179200, 0.58389400, 1461460844242
SafeThread-1, 109056, 0.09666300, 0.09666300, 0.09666300, 0.00726600, 0.09666300, 0.47144000, 0.49356300, 1461461396530
SafeThread-1, 109568, 0.09625200, 0.09625200, 0.09625200, 0.00737100, 0.09625200, 0.42589200, 0.44770200, 1461461902852
SafeThread-1, 110080, 0.09592100, 0.09592100, 0.09592100, 0.00735200, 0.09592100, 0.44044300, 0.46321700, 1461462424210
SafeThread-1, 110592, 0.09643800, 0.09643800, 0.09643800, 0.00739800, 0.09643800, 0.48537800, 0.50820800, 1461462990707
SafeThread-1, 111104, 0.09719100, 0.09719100, 0.09719100, 0.00719700, 0.09719100, 0.55170100, 0.57429300, 1461463623923
SafeThread-1, 111616, 0.09617500, 0.09617500, 0.09617500, 0.00705600, 0.09617500, 0.32899800, 0.35202200, 1461464034008
SafeThread-1, 112128, 0.09595900, 0.09595900, 0.09595900, 0.00685500, 0.09595900, 0.47503300, 0.49756200, 1461464589504
SafeThread-1, 112640, 0.09565100, 0.09565100, 0.09565100, 0.00731700, 0.09565100, 0.55488700, 0.57762400, 1461465224459
SafeThread-1, 113152, 0.09597400, 0.09597400, 0.09597400, 0.00723900, 0.09597400, 0.47075100, 0.49435600, 1461465777131
SafeThread-1, 113664, 0.09584400, 0.09584400, 0.09584400, 0.00698900, 0.09584400, 0.50678500, 0.52947700, 1461466364740
SafeThread-1, 114176, 0.09649900, 0.09649900, 0.09649900, 0.00719700, 0.09649900, 0.54069500, 0.56365100, 1461466986689
SafeThread-1, 114688, 0.09757400, 0.09757400, 0.09757400, 0.00752500, 0.09757400, 0.55725300, 0.57990500, 1461467625121
SafeThread-1, 115200, 0.09719500, 0.09719500, 0.09719500, 0.00730800, 0.09719500, 0.44743900, 0.47058600, 1461468154212
SafeThread-1, 115712, 0.09610100, 0.09610100, 0.09610100, 0.00703600, 0.09610100, 0.59388700, 0.61662800, 1461468829234
SafeThread-1, 116224, 0.09605600, 0.09605600, 0.09605600, 0.00703300, 0.09605600, 0.44562800, 0.46909500, 1461469356628
SafeThread-1, 116736, 0.09492700, 0.09492700, 0.09492700, 0.00689700, 0.09492700, 0.42915700, 0.45293600, 1461469867504
SafeThread-1, 117248, 0.09680700, 0.09680700, 0.09680700, 0.00700500, 0.09680700, 0.40044000, 0.42360400, 1461470349605
SafeThread-1, 117760, 0.09633100, 0.09633100, 0.09633100, 0.00668500, 0.09633100, 0.52682400, 0.55101100, 1461470958980
SafeThread-1, 118272, 0.09699200, 0.09699200, 0.09699200, 0.00709100, 0.09699200, 0.42882800, 0.45269100, 1461471470719
SafeThread-1, 118784, 0.09619500, 0.09619500, 0.09619500, 0.00715200, 0.09619500, 0.58129600, 0.60559200, 1461472134473
SafeThread-1, 119296, 0.09744400, 0.09744400, 0.09744400, 0.00744700, 0.09744400, 0.46317400, 0.48724700, 1461472680060
SafeThread-1, 119808, 0.09729000, 0.09729000, 0.09729000, 0.00698700, 0.09729000, 0.61242000, 0.63535600, 1461473374285
SafeThread-1, 120320, 0.09830400, 0.09830400, 0.09830400, 0.00707600, 0.09830400, 0.46631000, 0.49002800, 1461473923305
SafeThread-1, 120832, 0.09725400, 0.09725400, 0.09725400, 0.00711000, 0.09725400, 0.45568500, 0.47911100, 1461474460507
SafeThread-1, 121344, 0.09732100, 0.09732100, 0.09732100, 0.00736000, 0.09732100, 0.59699200, 0.62108100, 1461475139729
SafeThread-1, 121856, 0.09675900, 0.09675900, 0.09675900, 0.00723100, 0.09675900, 0.44825400, 0.47293900, 1461475670852
SafeThread-1, 122368, 0.09721100, 0.09721100, 0.09721100, 0.00727100, 0.09721100, 0.51192200, 0.53609600, 1461476265326
SafeThread-1, 122880, 0.09590400, 0.09590400, 0.09590400, 0.00697800, 0.09590400, 0.52615400, 0.55049800, 1461476873882
SafeThread-1, 123392, 0.09720600, 0.09720600, 0.09720600, 0.00701800, 0.09720600, 0.54695000, 0.57120200, 1461477503892
SafeThread-1, 123904, 0.09615200, 0.09615200, 0.09615200, 0.00737500, 0.09615200, 0.49617000, 0.52055400, 1461478082760
SafeThread-1, 124416, 0.09544100, 0.09544100, 0.09544100, 0.00730100, 0.09544100, 0.52836500, 0.55340900, 1461478693876
SafeThread-1, 124928, 0.09890600, 0.09890600, 0.09890600, 0.00747600, 0.09890600, 0.59025100, 0.61491000, 1461479368272
SafeThread-1, 125440, 0.09602500, 0.09602500, 0.09602500, 0.00706700, 0.09602500, 0.52584500, 0.55049000, 1461479977120
SafeThread-1, 125952, 0.09669200, 0.09669200, 0.09669200, 0.00698400, 0.09669200, 0.41498500, 0.43968200, 1461480475722
SafeThread-1, 126464, 0.09705400, 0.09705400, 0.09705400, 0.00712800, 0.09705400, 0.47731800, 0.50260500, 1461481036356
SafeThread-1, 126976, 0.09629200, 0.09629200, 0.09629200, 0.00731900, 0.09629200, 0.45742600, 0.48305900, 1461481577431
SafeThread-1, 127488, 0.09710300, 0.09710300, 0.09710300, 0.00702800, 0.09710300, 0.55674900, 0.58239800, 1461482218811
SafeThread-1, 128000, 0.09734900, 0.09734900, 0.09734900, 0.00720400, 0.09734900, 0.45097000, 0.47594500, 1461482753383
SafeThread-1, 128512, 0.09604400, 0.09604400, 0.09604400, 0.00722700, 0.09604400, 0.56052500, 0.58532300, 1461483396874
SafeThread-1, 129024, 0.09669300, 0.09669300, 0.09669300, 0.00721800, 0.09669300, 0.43376100, 0.45848100, 1461483913455
SafeThread-1, 129536, 0.09682000, 0.09682000, 0.09682000, 0.00702000, 0.09682000, 0.41829000, 0.44354100, 1461484415851
SafeThread-1, 130048, 0.09548000, 0.09548000, 0.09548000, 0.00712100, 0.09548000, 0.48169400, 0.50704900, 1461484981001
SafeThread-1, 130560, 0.09621000, 0.09621000, 0.09621000, 0.00716100, 0.09621000, 0.59088100, 0.61687400, 1461485655977
SafeThread-1, 131072, 0.09641500, 0.09641500, 0.09641500, 0.00710900, 0.09641500, 0.49420400, 0.52009600, 1461486234319
SafeThread-1, 131584, 0.09478100, 0.09478100, 0.09478100, 0.00720100, 0.09478100, 0.54204000, 0.56772000, 1461486859397
SafeThread-1, 132096, 0.09714300, 0.09714300, 0.09714300, 0.00727700, 0.09714300, 0.46484400, 0.49089300, 1461487408573
SafeThread-1, 132608, 0.09728700, 0.09728700, 0.09728700, 0.00685900, 0.09728700, 0.56164800, 0.58753700, 1461488054624
SafeThread-1, 133120, 0.09671700, 0.09671700, 0.09671700, 0.00732000, 0.09671700, 0.46058800, 0.48718900, 1461488600200
SafeThread-1, 133632, 0.09700800, 0.09700800, 0.09700800, 0.00697700, 0.09700800, 0.54254400, 0.56858200, 1461489227373
SafeThread-1, 134144, 0.09708300, 0.09708300, 0.09708300, 0.00736300, 0.09708300, 0.42660500, 0.45260800, 1461489738712
SafeThread-1, 134656, 0.09706800, 0.09706800, 0.09706800, 0.00704400, 0.09706800, 0.49085400, 0.51744300, 1461490314474
SafeThread-1, 135168, 0.09860900, 0.09860900, 0.09860900, 0.00731900, 0.09860900, 0.42875700, 0.45571600, 1461490829957
SafeThread-1, 135680, 0.09810800, 0.09810800, 0.09810800, 0.00721700, 0.09810800, 0.47622500, 0.50272100, 1461491392129
SafeThread-1, 136192, 0.09724300, 0.09724300, 0.09724300, 0.00757300, 0.09724300, 0.45801400, 0.48488300, 1461491935665
SafeThread-1, 136704, 0.09637000, 0.09637000, 0.09637000, 0.00697800, 0.09637000, 0.46117800, 0.48792400, 1461492482054
SafeThread-1, 137216, 0.09750200, 0.09750200, 0.09750200, 0.00720900, 0.09750200, 0.43280100, 0.45919400, 1461493000144
SafeThread-1, 137728, 0.09695700, 0.09695700, 0.09695700, 0.00722500, 0.09695700, 0.46435800, 0.49100500, 1461493549816
SafeThread-1, 138240, 0.09782100, 0.09782100, 0.09782100, 0.00723000, 0.09782100, 0.42200500, 0.44853100, 1461494057435
SafeThread-1, 138752, 0.09694900, 0.09694900, 0.09694900, 0.00761400, 0.09694900, 0.54543400, 0.57270200, 1461494688738
SafeThread-1, 139264, 0.09713500, 0.09713500, 0.09713500, 0.00730500, 0.09713500, 0.60711400, 0.63551200, 1461495382767
SafeThread-1, 139776, 0.09718400, 0.09718400, 0.09718400, 0.00712800, 0.09718400, 0.38011100, 0.40788300, 1461495849513
SafeThread-1, 140288, 0.09611700, 0.09611700, 0.09611700, 0.00757300, 0.09611700, 0.52676500, 0.55442800, 1461496461954
SafeThread-1, 140800, 0.09711700, 0.09711700, 0.09711700, 0.00732100, 0.09711700, 0.49266500, 0.52080500, 1461497041464
SafeThread-1, 141312, 0.09670200, 0.09670200, 0.09670200, 0.00742800, 0.09670200, 0.44597500, 0.47372800, 1461497573933
SafeThread-1, 141824, 0.09696600, 0.09696600, 0.09696600, 0.00713700, 0.09696600, 0.47772200, 0.50604800, 1461498138788
SafeThread-1, 142336, 0.09751300, 0.09751300, 0.09751300, 0.00700800, 0.09751300, 0.58980100, 0.61656700, 1461498814181
SafeThread-1, 142848, 0.09699500, 0.09699500, 0.09699500, 0.00710700, 0.09699500, 0.59318100, 0.62058500, 1461499493564
SafeThread-1, 143360, 0.09748300, 0.09748300, 0.09748300, 0.00725000, 0.09748300, 0.50826400, 0.53573700, 1461500088213
SafeThread-1, 143872, 0.09829000, 0.09829000, 0.09829000, 0.00740700, 0.09829000, 0.49383700, 0.52183200, 1461500669411
SafeThread-1, 144384, 0.09563100, 0.09563100, 0.09563100, 0.00704600, 0.09563100, 0.50600900, 0.53398800, 1461501261908
SafeThread-1, 144896, 0.09679600, 0.09679600, 0.09679600, 0.00700800, 0.09679600, 0.60355600, 0.63125700, 1461501952175
SafeThread-1, 145408, 0.09813400, 0.09813400, 0.09813400, 0.00754800, 0.09813400, 0.50058000, 0.52792400, 1461502539496
SafeThread-1, 145920, 0.09745200, 0.09745200, 0.09745200, 0.00745000, 0.09745200, 0.51495000, 0.54350700, 1461503141886
SafeThread-1, 146432, 0.09818700, 0.09818700, 0.09818700, 0.00713900, 0.09818700, 0.45272400, 0.48077900, 1461503681948
SafeThread-1, 146944, 0.09784800, 0.09784800, 0.09784800, 0.00740700, 0.09784800, 0.62041200, 0.64900900, 1461504390103
SafeThread-1, 147456, 0.09670800, 0.09670800, 0.09670800, 0.00744100, 0.09670800, 0.53898300, 0.56737000, 1461505015545
SafeThread-1, 147968, 0.09718200, 0.09718200, 0.09718200, 0.00735800, 0.09718200, 0.47448300, 0.50356300, 1461505577848
SafeThread-1, 148480, 0.09833400, 0.09833400, 0.09833400, 0.00726500, 0.09833400, 0.45551100, 0.48438500, 1461506121658
SafeThread-1, 148992, 0.09723100, 0.09723100, 0.09723100, 0.00731600, 0.09723100, 0.41968800, 0.44822400, 1461506628586
SafeThread-1, 149504, 0.09758500, 0.09758500, 0.09758500, 0.00724800, 0.09758500, 0.53321900, 0.56190000, 1461507249614
SafeThread-1, 150016, 0.09726500, 0.09726500, 0.09726500, 0.00707900, 0.09726500, 0.56265600, 0.59208500, 1461507899858
SafeThread-1, 150528, 0.09706200, 0.09706200, 0.09706200, 0.00728700, 0.09706200, 0.43104800, 0.46045500, 1461508419175
SafeThread-1, 151040, 0.09797600, 0.09797600, 0.09797600, 0.00695900, 0.09797600, 0.57973800, 0.60891000, 1461509087574
SafeThread-1, 151552, 0.09818000, 0.09818000, 0.09818000, 0.00699400, 0.09818000, 0.48192200, 0.51056400, 1461509657644
SafeThread-1, 152064, 0.09802800, 0.09802800, 0.09802800, 0.00724800, 0.09802800, 0.51229500, 0.54140500, 1461510258290
SafeThread-1, 152576, 0.09860500, 0.09860500, 0.09860500, 0.00733000, 0.09860500, 0.49507000, 0.52497300, 1461510843096
SafeThread-1, 153088, 0.09769500, 0.09769500, 0.09769500, 0.00751700, 0.09769500, 0.52366400, 0.55308800, 1461511455519
SafeThread-1, 153600, 0.09733200, 0.09733200, 0.09733200, 0.00734900, 0.09733200, 0.54712600, 0.57635200, 1461512090850
SafeThread-1, 154112, 0.09792300, 0.09792300, 0.09792300, 0.00709000, 0.09792300, 0.42814000, 0.45864700, 1461512608954
SafeThread-1, 154624, 0.09704100, 0.09704100, 0.09704100, 0.00749200, 0.09704100, 0.50893600, 0.53907500, 1461513207187
SafeThread-1, 155136, 0.09805900, 0.09805900, 0.09805900, 0.00730500, 0.09805900, 0.52392900, 0.55452600, 1461513821340
SafeThread-1, 155648, 0.09703800, 0.09703800, 0.09703800, 0.00704000, 0.09703800, 0.55001400, 0.58024900, 1461514460649
SafeThread-1, 156160, 0.09877900, 0.09877900, 0.09877900, 0.00725700, 0.09877900, 0.50841700, 0.53875200, 1461515059410
SafeThread-1, 156672, 0.09847100, 0.09847100, 0.09847100, 0.00731500, 0.09847100, 0.51180100, 0.54084200, 1461515659836
SafeThread-1, 157184, 0.09716400, 0.09716400, 0.09716400, 0.00703200, 0.09716400, 0.46597200, 0.49546400, 1461516214908
SafeThread-1, 157696, 0.09826800, 0.09826800, 0.09826800, 0.00721000, 0.09826800, 0.67283600, 0.70236300, 1461516976611
SafeThread-1, 158208, 0.09729900, 0.09729900, 0.09729900, 0.00747900, 0.09729900, 0.47740400, 0.50825900, 1461517544148
SafeThread-1, 158720, 0.09722100, 0.09722100, 0.09722100, 0.00702300, 0.09722100, 0.50919800, 0.53969700, 1461518143427
SafeThread-1, 159232, 0.09652300, 0.09652300, 0.09652300, 0.00729300, 0.09652300, 0.55654200, 0.58757800, 1461518789768
SafeThread-1, 159744, 0.09778600, 0.09778600, 0.09778600, 0.00758700, 0.09778600, 0.55622800, 0.58662300, 1461519435933
SafeThread-1, 160256, 0.09854100, 0.09854100, 0.09854100, 0.00707300, 0.09854100, 0.50772400, 0.53794100, 1461520033295
SafeThread-1, 160768, 0.09660400, 0.09660400, 0.09660400, 0.00744700, 0.09660400, 0.49336900, 0.52438200, 1461520615947
SafeThread-1, 161280, 0.09718300, 0.09718300, 0.09718300, 0.00745300, 0.09718300, 0.49221000, 0.52294300, 1461521198039
SafeThread-1, 161792, 0.09843300, 0.09843300, 0.09843300, 0.00749800, 0.09843300, 0.50821500, 0.54019500, 1461521798298
SafeThread-1, 162304, 0.09724900, 0.09724900, 0.09724900, 0.00754300, 0.09724900, 0.47592800, 0.50634500, 1461522363295
SafeThread-1, 162816, 0.09781800, 0.09781800, 0.09781800, 0.00749100, 0.09781800, 0.49599500, 0.52636200, 1461522948972
SafeThread-1, 163328, 0.09699900, 0.09699900, 0.09699900, 0.00750100, 0.09699900, 0.53706500, 0.56816100, 1461523575464
SafeThread-1, 163840, 0.09714800, 0.09714800, 0.09714800, 0.00730800, 0.09714800, 0.49201700, 0.52359700, 1461524157474
SafeThread-1, 164352, 0.09820200, 0.09820200, 0.09820200, 0.00731900, 0.09820200, 0.50714100, 0.53914800, 1461524755949
SafeThread-1, 164864, 0.09737200, 0.09737200, 0.09737200, 0.00735100, 0.09737200, 0.46400500, 0.49448000, 1461525309548
SafeThread-1, 165376, 0.09745200, 0.09745200, 0.09745200, 0.00741700, 0.09745200, 0.44860400, 0.48025200, 1461525848361
SafeThread-1, 165888, 0.09902700, 0.09902700, 0.09902700, 0.00735900, 0.09902700, 0.49650100, 0.52730400, 1461526434721
SafeThread-1, 166400, 0.09767700, 0.09767700, 0.09767700, 0.00695000, 0.09767700, 0.57458900, 0.60545100, 1461527099522
SafeThread-1, 166912, 0.09700700, 0.09700700, 0.09700700, 0.00758700, 0.09700700, 0.55758300, 0.58934200, 1461527747359
SafeThread-1, 167424, 0.09751100, 0.09751100, 0.09751100, 0.00750700, 0.09751100, 0.52863900, 0.56049400, 1461528366706
SafeThread-1, 167936, 0.09658600, 0.09658600, 0.09658600, 0.00740600, 0.09658600, 0.40225500, 0.43442100, 1461528859881
SafeThread-1, 168448, 0.09690900, 0.09690900, 0.09690900, 0.00710800, 0.09690900, 0.50856200, 0.54063600, 1461529459330
SafeThread-1, 168960, 0.09744500, 0.09744500, 0.09744500, 0.00737200, 0.09744500, 0.47883300, 0.51138400, 1461530029707
SafeThread-1, 169472, 0.09727700, 0.09727700, 0.09727700, 0.00738300, 0.09727700, 0.46350800, 0.49556300, 1461530584430
SafeThread-1, 169984, 0.09753200, 0.09753200, 0.09753200, 0.00753500, 0.09753200, 0.38152700, 0.41405900, 1461531056920
SafeThread-1, 170496, 0.09769800, 0.09769800, 0.09769800, 0.00723000, 0.09769800, 0.54084300, 0.57245300, 1461531688573
SafeThread-1, 171008, 0.09743100, 0.09743100, 0.09743100, 0.00721300, 0.09743100, 0.49357300, 0.52633700, 1461532273896
SafeThread-1, 171520, 0.09809600, 0.09809600, 0.09809600, 0.00746500, 0.09809600, 0.57042000, 0.60164600, 1461532934269
SafeThread-1, 172032, 0.09793500, 0.09793500, 0.09793500, 0.00753400, 0.09793500, 0.41297600, 0.44595200, 1461533439347
SafeThread-1, 172544, 0.09635200, 0.09635200, 0.09635200, 0.00726900, 0.09635200, 0.53837500, 0.57067100, 1461534068538
SafeThread-1, 173056, 0.09707000, 0.09707000, 0.09707000, 0.00726500, 0.09707000, 0.52205800, 0.55430600, 1461534681357
SafeThread-1, 173568, 0.09609800, 0.09609800, 0.09609800, 0.00724400, 0.09609800, 0.44231900, 0.47610000, 1461535216037
SafeThread-1, 174080, 0.09750500, 0.09750500, 0.09750500, 0.00743600, 0.09750500, 0.57168500, 0.60469000, 1461535879905
SafeThread-1, 174592, 0.09761500, 0.09761500, 0.09761500, 0.00752800, 0.09761500, 0.45948400, 0.49221000, 1461536431345
SafeThread-1, 175104, 0.09686500, 0.09686500, 0.09686500, 0.00717600, 0.09686500, 0.46642900, 0.49793000, 1461536987840
SafeThread-1, 175616, 0.09635500, 0.09635500, 0.09635500, 0.00740100, 0.09635500, 0.52023700, 0.55372500, 1461537600331
SafeThread-1, 176128, 0.09832800, 0.09832800, 0.09832800, 0.00757000, 0.09832800, 0.57320300, 0.60620700, 1461538266282
SafeThread-1, 176640, 0.09725700, 0.09725700, 0.09725700, 0.00713500, 0.09725700, 0.44718300, 0.48090500, 1461538806361
SafeThread-1, 177152, 0.09788900, 0.09788900, 0.09788900, 0.00774300, 0.09788900, 0.45834600, 0.49278500, 1461539358427
SafeThread-1, 177664, 0.09603000, 0.09603000, 0.09603000, 0.00720000, 0.09603000, 0.50989300, 0.54195400, 1461539958818
SafeThread-1, 178176, 0.09610000, 0.09610000, 0.09610000, 0.00728900, 0.09610000, 0.61882300, 0.65184900, 1461540669113
SafeThread-1, 178688, 0.09681000, 0.09681000, 0.09681000, 0.00762500, 0.09681000, 0.46159300, 0.49533500, 1461541222986
SafeThread-1, 179200, 0.09693000, 0.09693000, 0.09693000, 0.00733900, 0.09693000, 0.49648100, 0.53008700, 1461541811723
SafeThread-1, 179712, 0.09623100, 0.09623100, 0.09623100, 0.00733500, 0.09623100, 0.46048100, 0.49434900, 1461542364068
SafeThread-1, 180224, 0.09752400, 0.09752400, 0.09752400, 0.00705100, 0.09752400, 0.52722000, 0.56000800, 1461542983051
SafeThread-1, 180736, 0.09562100, 0.09562100, 0.09562100, 0.00715700, 0.09562100, 0.41318200, 0.44779400, 1461543488980
SafeThread-1, 181248, 0.09805100, 0.09805100, 0.09805100, 0.00738500, 0.09805100, 0.55306100, 0.58703300, 1461544134710
SafeThread-1, 181760, 0.09677300, 0.09677300, 0.09677300, 0.00721700, 0.09677300, 0.44212300, 0.47680000, 1461544670745
SafeThread-1, 182272, 0.09751400, 0.09751400, 0.09751400, 0.00722400, 0.09751400, 0.55319000, 0.58693000, 1461545316909
SafeThread-1, 182784, 0.09594400, 0.09594400, 0.09594400, 0.00738000, 0.09594400, 0.36507800, 0.40011700, 1461545775872
SafeThread-1, 183296, 0.09766200, 0.09766200, 0.09766200, 0.00723200, 0.09766200, 0.38362700, 0.41790100, 1461546253201
SafeThread-1, 183808, 0.09712400, 0.09712400, 0.09712400, 0.00760000, 0.09712400, 0.44250500, 0.47748100, 1461546789714
SafeThread-1, 184320, 0.09652700, 0.09652700, 0.09652700, 0.00731700, 0.09652700, 0.38114000, 0.41540900, 1461547263719
SafeThread-1, 184832, 0.09835600, 0.09835600, 0.09835600, 0.00729700, 0.09835600, 0.41729600, 0.45083200, 1461547774194
SafeThread-1, 185344, 0.09605100, 0.09605100, 0.09605100, 0.00747900, 0.09605100, 0.59771400, 0.63204800, 1461548464605
SafeThread-1, 185856, 0.09573800, 0.09573800, 0.09573800, 0.00690900, 0.09573800, 0.45992300, 0.49431700, 1461549017949
SafeThread-1, 186368, 0.09733400, 0.09733400, 0.09733400, 0.00737200, 0.09733400, 0.41769100, 0.45223700, 1461549528958
SafeThread-1, 186880, 0.09710500, 0.09710500, 0.09710500, 0.00726500, 0.09710500, 0.40061000, 0.43534600, 1461550023419
SafeThread-1, 187392, 0.09664800, 0.09664800, 0.09664800, 0.00738200, 0.09664800, 0.47987800, 0.51355100, 1461550596433
SafeThread-1, 187904, 0.09617100, 0.09617100, 0.09617100, 0.00752300, 0.09617100, 0.48168200, 0.51618100, 1461551170468
SafeThread-1, 188416, 0.09671500, 0.09671500, 0.09671500, 0.00738600, 0.09671500, 0.37087500, 0.40589100, 1461551634791
SafeThread-1, 188928, 0.09708800, 0.09708800, 0.09708800, 0.00732300, 0.09708800, 0.59137800, 0.62694600, 1461552320699
SafeThread-1, 189440, 0.09667800, 0.09667800, 0.09667800, 0.00731700, 0.09667800, 0.40399800, 0.43878600, 1461552818273
SafeThread-1, 189952, 0.09668500, 0.09668500, 0.09668500, 0.00742700, 0.09668500, 0.67647600, 0.71130200, 1461553588782
SafeThread-1, 190464, 0.09651700, 0.09651700, 0.09651700, 0.00732300, 0.09651700, 0.43566400, 0.47131300, 1461554118579
SafeThread-1, 190976, 0.09677300, 0.09677300, 0.09677300, 0.00739100, 0.09677300, 0.57929600, 0.61439200, 1461554791856
SafeThread-1, 191488, 0.09695500, 0.09695500, 0.09695500, 0.00722500, 0.09695500, 0.42111500, 0.45623700, 1461555307281
SafeThread-1, 192000, 0.09605400, 0.09605400, 0.09605400, 0.00760500, 0.09605400, 0.44860200, 0.48453400, 1461555850339
SafeThread-1, 192512, 0.09722400, 0.09722400, 0.09722400, 0.00789000, 0.09722400, 0.54477500, 0.57959200, 1461556489265
SafeThread-1, 193024, 0.09523900, 0.09523900, 0.09523900, 0.00730800, 0.09523900, 0.58934300, 0.62425600, 1461557172156
SafeThread-1, 193536, 0.09735800, 0.09735800, 0.09735800, 0.00735600, 0.09735800, 0.35339500, 0.38894300, 1461557620504
SafeThread-1, 194048, 0.09511700, 0.09511700, 0.09511700, 0.00733300, 0.09511700, 0.53847600, 0.57437700, 1461558253311
SafeThread-1, 194560, 0.09615400, 0.09615400, 0.09615400, 0.00760000, 0.09615400, 0.64851000, 0.68340500, 1461558994364
SafeThread-1, 195072, 0.09535500, 0.09535500, 0.09535500, 0.00718000, 0.09535500, 0.47335400, 0.50884400, 1461559560769
SafeThread-1, 195584, 0.09523200, 0.09523200, 0.09523200, 0.00718300, 0.09523200, 0.65187800, 0.68826300, 1461560306851
SafeThread-1, 196096, 0.09647700, 0.09647700, 0.09647700, 0.00715200, 0.09647700, 0.45662500, 0.49157500, 1461560856685
SafeThread-1, 196608, 0.09555500, 0.09555500, 0.09555500, 0.00696800, 0.09555500, 0.51745900, 0.55343400, 1461561468364
SafeThread-1, 197120, 0.09629700, 0.09629700, 0.09629700, 0.00704600, 0.09629700, 0.62832300, 0.66319600, 1461562189917
SafeThread-1, 197632, 0.09719600, 0.09719600, 0.09719600, 0.00714700, 0.09719600, 0.48830200, 0.52465700, 1461562773353
SafeThread-1, 198144, 0.09572500, 0.09572500, 0.09572500, 0.00720100, 0.09572500, 0.47443900, 0.51157000, 1461563342801
SafeThread-1, 198656, 0.09718900, 0.09718900, 0.09718900, 0.00690700, 0.09718900, 0.55363500, 0.58962300, 1461563990961
SafeThread-1, 199168, 0.09626800, 0.09626800, 0.09626800, 0.00749100, 0.09626800, 0.47498000, 0.51103400, 1461564559930
SafeThread-1, 199680, 0.09654500, 0.09654500, 0.09654500, 0.00755300, 0.09654500, 0.50583400, 0.54291800, 1461565161609
SafeThread-1, 200192, 0.09739600, 0.09739600, 0.09739600, 0.00730500, 0.09739600, 0.55443200, 0.59143300, 1461565811684
SafeThread-1, 200704, 0.09672900, 0.09672900, 0.09672900, 0.00708100, 0.09672900, 0.57577100, 0.61219000, 1461566482622
SafeThread-1, 201216, 0.09684000, 0.09684000, 0.09684000, 0.00729900, 0.09684000, 0.44941700, 0.48591500, 1461567027026
SafeThread-1, 201728, 0.09658800, 0.09658800, 0.09658800, 0.00742300, 0.09658800, 0.43952500, 0.47570800, 1461567561152
SafeThread-1, 202240, 0.09677300, 0.09677300, 0.09677300, 0.00721100, 0.09677300, 0.48350200, 0.52066500, 1461568140184
SafeThread-1, 202752, 0.09594600, 0.09594600, 0.09594600, 0.00732000, 0.09594600, 0.49738500, 0.53462400, 1461568732662
SafeThread-1, 203264, 0.09689200, 0.09689200, 0.09689200, 0.00728600, 0.09689200, 0.54346400, 0.57983400, 1461569371560
SafeThread-1, 203776, 0.09544400, 0.09544400, 0.09544400, 0.00762900, 0.09544400, 0.50829800, 0.54652200, 1461569976137
SafeThread-1, 204288, 0.09864900, 0.09864900, 0.09864900, 0.00712000, 0.09864900, 0.49455300, 0.53168400, 1461570567424
SafeThread-1, 204800, 0.09616700, 0.09616700, 0.09616700, 0.00706000, 0.09616700, 0.39999400, 0.43796300, 1461571064037
SafeThread-1, 205312, 0.09655600, 0.09655600, 0.09655600, 0.00745900, 0.09655600, 0.50828100, 0.54681900, 1461571669170
SafeThread-1, 205824, 0.09806600, 0.09806600, 0.09806600, 0.00721200, 0.09806600, 0.49498400, 0.53282200, 1461572261492
SafeThread-1, 206336, 0.09674600, 0.09674600, 0.09674600, 0.00753800, 0.09674600, 0.47853300, 0.51649000, 1461572837037
SafeThread-1, 206848, 0.09663400, 0.09663400, 0.09663400, 0.00778100, 0.09663400, 0.58301400, 0.62158400, 1461573517357
SafeThread-1, 207360, 0.09712000, 0.09712000, 0.09712000, 0.00723800, 0.09712000, 0.36961300, 0.40807600, 1461573984773
SafeThread-1, 207872, 0.09836400, 0.09836400, 0.09836400, 0.00736900, 0.09836400, 0.41864300, 0.45566200, 1461574499899
SafeThread-1, 208384, 0.09667000, 0.09667000, 0.09667000, 0.00727300, 0.09667000, 0.49533300, 0.53365400, 1461575092562
SafeThread-1, 208896, 0.09767500, 0.09767500, 0.09767500, 0.00745400, 0.09767500, 0.46827700, 0.50629900, 1461575658110
SafeThread-1, 209408, 0.09727700, 0.09727700, 0.09727700, 0.00728500, 0.09727700, 0.43484200, 0.47460300, 1461576192234
SafeThread-1, 209920, 0.09799300, 0.09799300, 0.09799300, 0.00726800, 0.09799300, 0.45272700, 0.49121000, 1461576742646
SafeThread-1, 210432, 0.09843600, 0.09843600, 0.09843600, 0.00717800, 0.09843600, 0.43946400, 0.47825700, 1461577280833
SafeThread-1, 210944, 0.09760200, 0.09760200, 0.09760200, 0.00731100, 0.09760200, 0.53304400, 0.57299600, 1461577913621
SafeThread-1, 211456, 0.09640900, 0.09640900, 0.09640900, 0.00752300, 0.09640900, 0.54983000, 0.58874000, 1461578561381
SafeThread-1, 211968, 0.09762700, 0.09762700, 0.09762700, 0.00746800, 0.09762700, 0.49102500, 0.52925300, 1461579149974
SafeThread-1, 212480, 0.09788900, 0.09788900, 0.09788900, 0.00763500, 0.09788900, 0.52613700, 0.56473700, 1461579774484
SafeThread-1, 212992, 0.09693400, 0.09693400, 0.09693400, 0.00729600, 0.09693400, 0.44334700, 0.48212800, 1461580315776
SafeThread-1, 213504, 0.09692700, 0.09692700, 0.09692700, 0.00713400, 0.09692700, 0.61606100, 0.65651900, 1461581031783
SafeThread-1, 214016, 0.09612100, 0.09612100, 0.09612100, 0.00722100, 0.09612100, 0.50825600, 0.54718300, 1461581638121
SafeThread-1, 214528, 0.09693400, 0.09693400, 0.09693400, 0.00727000, 0.09693400, 0.53625100, 0.57615500, 1461582273719
SafeThread-1, 215040, 0.09832800, 0.09832800, 0.09832800, 0.00722400, 0.09832800, 0.58288200, 0.62218400, 1461582955555
SafeThread-1, 215552, 0.09764700, 0.09764700, 0.09764700, 0.00725200, 0.09764700, 0.47239300, 0.51060500, 1461583526204
SafeThread-1, 216064, 0.09706700, 0.09706700, 0.09706700, 0.00746100, 0.09706700, 0.46616800, 0.50673500, 1461584091943
SafeThread-1, 216576, 0.09744200, 0.09744200, 0.09744200, 0.00714700, 0.09744200, 0.47759700, 0.51801900, 1461584669357
SafeThread-1, 217088, 0.09764100, 0.09764100, 0.09764100, 0.00748400, 0.09764100, 0.43536800, 0.47545400, 1461585204716
SafeThread-1, 217600, 0.09817800, 0.09817800, 0.09817800, 0.00763700, 0.09817800, 0.43751600, 0.47748100, 1461585741964
SafeThread-1, 218112, 0.10597000, 0.10597000, 0.10597000, 0.00838300, 0.10597000, 0.46326000, 0.50546200, 1461586309418
SafeThread-1, 218624, 0.09991200, 0.09991200, 0.09991200, 0.00762500, 0.09991200, 0.55768800, 0.59800900, 1461586967926
SafeThread-1, 219136, 0.09725700, 0.09725700, 0.09725700, 0.00738200, 0.09725700, 0.49853700, 0.53797300, 1461587565374
SafeThread-1, 219648, 0.09716200, 0.09716200, 0.09716200, 0.00719600, 0.09716200, 0.56156300, 0.60112400, 1461588226080
SafeThread-1, 220160, 0.09799800, 0.09799800, 0.09799800, 0.00775600, 0.09799800, 0.48326900, 0.52434900, 1461588809293
SafeThread-1, 220672, 0.09811000, 0.09811000, 0.09811000, 0.00726000, 0.09811000, 0.32885200, 0.36846400, 1461589238175
SafeThread-1, 221184, 0.09796300, 0.09796300, 0.09796300, 0.00760100, 0.09796300, 0.59037600, 0.63114700, 1461589928873
SafeThread-1, 221696, 0.09811200, 0.09811200, 0.09811200, 0.00769600, 0.09811200, 0.43499900, 0.47622700, 1461590464443
SafeThread-1, 222208, 0.09730900, 0.09730900, 0.09730900, 0.00752600, 0.09730900, 0.46537900, 0.50737800, 1461591031621
SafeThread-1, 222720, 0.09817700, 0.09817700, 0.09817700, 0.00730200, 0.09817700, 0.53378600, 0.57505700, 1461591666889
SafeThread-1, 223232, 0.09705900, 0.09705900, 0.09705900, 0.00727200, 0.09705900, 0.49940200, 0.54024300, 1461592266882
SafeThread-1, 223744, 0.09844200, 0.09844200, 0.09844200, 0.00703400, 0.09844200, 0.45499400, 0.49527400, 1461592822136
SafeThread-1, 224256, 0.09785300, 0.09785300, 0.09785300, 0.00753900, 0.09785300, 0.44015500, 0.48088400, 1461593362225
SafeThread-1, 224768, 0.09949000, 0.09949000, 0.09949000, 0.00785700, 0.09949000, 0.43094100, 0.47194200, 1461593894165
SafeThread-1, 225280, 0.10140100, 0.10140100, 0.10140100, 0.00777300, 0.10140100, 0.66107300, 0.70336400, 1461594658223
SafeThread-1, 225792, 0.09820100, 0.09820100, 0.09820100, 0.00710200, 0.09820100, 0.47281400, 0.51451600, 1461595233023
SafeThread-1, 226304, 0.09852800, 0.09852800, 0.09852800, 0.00769300, 0.09852800, 0.49277000, 0.53346300, 1461595826466
SafeThread-1, 226816, 0.09873000, 0.09873000, 0.09873000, 0.00756200, 0.09873000, 0.47474600, 0.51623200, 1461596402763
SafeThread-1, 227328, 0.09959600, 0.09959600, 0.09959600, 0.00740000, 0.09959600, 0.45106500, 0.49324900, 1461596956702
SafeThread-1, 227840, 0.11270100, 0.11270100, 0.11270100, 0.00911500, 0.11270100, 0.49577000, 0.54169500, 1461597562373
SafeThread-1, 228352, 0.09862500, 0.09862500, 0.09862500, 0.00739400, 0.09862500, 0.52405200, 0.56600700, 1461598188381
SafeThread-1, 228864, 0.10016100, 0.10016100, 0.10016100, 0.00754600, 0.10016100, 0.48124900, 0.52303200, 1461598772104
SafeThread-1, 229376, 0.09733000, 0.09733000, 0.09733000, 0.00742900, 0.09733000, 0.42914200, 0.47212700, 1461599304014
SafeThread-1, 229888, 0.09875300, 0.09875300, 0.09875300, 0.00770100, 0.09875300, 0.49292500, 0.53558700, 1461599900030
SafeThread-1, 230400, 0.09982400, 0.09982400, 0.09982400, 0.00760200, 0.09982400, 0.49187200, 0.53304300, 1461600493624
SafeThread-1, 230912, 0.09783400, 0.09783400, 0.09783400, 0.00745800, 0.09783400, 0.43922600, 0.48225100, 1461601035685
SafeThread-1, 231424, 0.09738400, 0.09738400, 0.09738400, 0.00752200, 0.09738400, 0.54367500, 0.58588900, 1461601680942
SafeThread-1, 231936, 0.09892200, 0.09892200, 0.09892200, 0.00749800, 0.09892200, 0.49793400, 0.53948600, 1461602280171
SafeThread-1, 232448, 0.09734500, 0.09734500, 0.09734500, 0.00708700, 0.09734500, 0.55320900, 0.59606400, 1461602936598
SafeThread-1, 232960, 0.09794200, 0.09794200, 0.09794200, 0.00717800, 0.09794200, 0.39182300, 0.43374700, 1461603430914
SafeThread-1, 233472, 0.09755400, 0.09755400, 0.09755400, 0.00714500, 0.09755400, 0.59924400, 0.64252600, 1461604133326
SafeThread-1, 233984, 0.09660600, 0.09660600, 0.09660600, 0.00719500, 0.09660600, 0.51372400, 0.55522500, 1461604747488
SafeThread-1, 234496, 0.09794100, 0.09794100, 0.09794100, 0.00731900, 0.09794100, 0.37697900, 0.41837900, 1461605225032
SafeThread-1, 235008, 0.09725800, 0.09725800, 0.09725800, 0.00751400, 0.09725800, 0.43744700, 0.48063600, 1461605764532
SafeThread-1, 235520, 0.09634800, 0.09634800, 0.09634800, 0.00701500, 0.09634800, 0.56619900, 0.60934400, 1461606432574
SafeThread-1, 236032, 0.09826300, 0.09826300, 0.09826300, 0.00798100, 0.09826300, 0.41640300, 0.45789000, 1461606949307
SafeThread-1, 236544, 0.09840800, 0.09840800, 0.09840800, 0.00735900, 0.09840800, 0.51525300, 0.55589100, 1461607564319
SafeThread-1, 237056, 0.09764700, 0.09764700, 0.09764700, 0.00728300, 0.09764700, 0.64826400, 0.69078400, 1461608314672
SafeThread-1, 237568, 0.09748600, 0.09748600, 0.09748600, 0.00741000, 0.09748600, 0.45418000, 0.49631500, 1461608869945
SafeThread-1, 238080, 0.09676500, 0.09676500, 0.09676500, 0.00753200, 0.09676500, 0.47292700, 0.51634000, 1461609444673
SafeThread-1, 238592, 0.09713600, 0.09713600, 0.09713600, 0.00708900, 0.09713600, 0.30079300, 0.34421000, 1461609847959
SafeThread-1, 239104, 0.09731100, 0.09731100, 0.09731100, 0.00738500, 0.09731100, 0.51609400, 0.55989600, 1461610466648
SafeThread-1, 239616, 0.09814700, 0.09814700, 0.09814700, 0.00764200, 0.09814700, 0.43841000, 0.48050100, 1461611006733
SafeThread-1, 240128, 0.09858500, 0.09858500, 0.09858500, 0.00741600, 0.09858500, 0.37866000, 0.42183000, 1461611488440
SafeThread-1, 240640, 0.09644000, 0.09644000, 0.09644000, 0.00744200, 0.09644000, 0.40653400, 0.45038400, 1461611997471
SafeThread-1, 241152, 0.09721600, 0.09721600, 0.09721600, 0.00727500, 0.09721600, 0.54919000, 0.59306400, 1461612649762
SafeThread-1, 241664, 0.09813400, 0.09813400, 0.09813400, 0.00749600, 0.09813400, 0.47271100, 0.51570500, 1461613224854
SafeThread-1, 242176, 0.09756600, 0.09756600, 0.09756600, 0.00760700, 0.09756600, 0.50264300, 0.54671300, 1461613830478
SafeThread-1, 242688, 0.09829000, 0.09829000, 0.09829000, 0.00747200, 0.09829000, 0.48892900, 0.53186800, 1461614421533
SafeThread-1, 243200, 0.09693600, 0.09693600, 0.09693600, 0.00736500, 0.09693600, 0.55643200, 0.60145400, 1461615082209
SafeThread-1, 243712, 0.09777400, 0.09777400, 0.09777400, 0.00730700, 0.09777400, 0.65474700, 0.69801700, 1461615839681
SafeThread-1, 244224, 0.09604600, 0.09604600, 0.09604600, 0.00733000, 0.09604600, 0.54437500, 0.58859400, 1461616486999
SafeThread-1, 244736, 0.09692500, 0.09692500, 0.09692500, 0.00747600, 0.09692500, 0.46575600, 0.51045300, 1461617056839
SafeThread-1, 245248, 0.09759000, 0.09759000, 0.09759000, 0.00733400, 0.09759000, 0.57682000, 0.62024200, 1461617736249
SafeThread-1, 245760, 0.09813600, 0.09813600, 0.09813600, 0.00778200, 0.09813600, 0.55803700, 0.60178600, 1461618397961
SafeThread-1, 246272, 0.09773200, 0.09773200, 0.09773200, 0.00736200, 0.09773200, 0.43501200, 0.47849600, 1461618936351
SafeThread-1, 246784, 0.09740900, 0.09740900, 0.09740900, 0.00781700, 0.09740900, 0.55524300, 0.59865300, 1461619594050
SafeThread-1, 247296, 0.09711800, 0.09711800, 0.09711800, 0.00713800, 0.09711800, 0.59672300, 0.64088300, 1461620294581
SafeThread-1, 247808, 0.09725300, 0.09725300, 0.09725300, 0.00741600, 0.09725300, 0.64363300, 0.68635900, 1461621040492
SafeThread-1, 248320, 0.09723300, 0.09723300, 0.09723300, 0.00726100, 0.09723300, 0.53778600, 0.58228600, 1461621681848
SafeThread-1, 248832, 0.09794900, 0.09794900, 0.09794900, 0.00708700, 0.09794900, 0.48285100, 0.52674300, 1461622268522
SafeThread-1, 249344, 0.09826100, 0.09826100, 0.09826100, 0.00740600, 0.09826100, 0.50045800, 0.54482200, 1461622873051
SafeThread-1, 249856, 0.09847800, 0.09847800, 0.09847800, 0.00731200, 0.09847800, 0.51705600, 0.56191400, 1461623494382
SafeThread-1, 250368, 0.09749200, 0.09749200, 0.09749200, 0.00714800, 0.09749200, 0.51250300, 0.55670400, 1461624110605
SafeThread-1, 250880, 0.09694000, 0.09694000, 0.09694000, 0.00747900, 0.09694000, 0.48645800, 0.53182700, 1461624701096
SafeThread-1, 251392, 0.09721900, 0.09721900, 0.09721900, 0.00756000, 0.09721900, 0.48619100, 0.53063400, 1461625291295
SafeThread-1, 251904, 0.09659100, 0.09659100, 0.09659100, 0.00725200, 0.09659100, 0.39180300, 0.43707400, 1461625787228
SafeThread-1, 252416, 0.09644300, 0.09644300, 0.09644300, 0.00725500, 0.09644300, 0.33152900, 0.37695500, 1461626223074
SafeThread-1, 252928, 0.09658600, 0.09658600, 0.09658600, 0.00717300, 0.09658600, 0.47276600, 0.51710100, 1461626798877
SafeThread-1, 253440, 0.09580600, 0.09580600, 0.09580600, 0.00741600, 0.09580600, 0.61749200, 0.66260100, 1461627519413
SafeThread-1, 253952, 0.09718200, 0.09718200, 0.09718200, 0.00718800, 0.09718200, 0.50874500, 0.55243800, 1461628130844
SafeThread-1, 254464, 0.09720900, 0.09720900, 0.09720900, 0.00703000, 0.09720900, 0.61173800, 0.65607300, 1461628845812
SafeThread-1, 254976, 0.09737600, 0.09737600, 0.09737600, 0.00722000, 0.09737600, 0.44076100, 0.48621900, 1461629391277
SafeThread-1, 255488, 0.09750200, 0.09750200, 0.09750200, 0.00744300, 0.09750200, 0.51390400, 0.55974400, 1461630009994
SafeThread-1, 256000, 0.09677000, 0.09677000, 0.09677000, 0.00737800, 0.09677000, 0.54711600, 0.59145300, 1461630660188
SafeThread-1, 256512, 0.09682900, 0.09682900, 0.09682900, 0.00721400, 0.09682900, 0.61952100, 0.66536800, 1461631384873
SafeThread-1, 257024, 0.09672500, 0.09672500, 0.09672500, 0.00742800, 0.09672500, 0.49886600, 0.54480800, 1461631988404
SafeThread-1, 257536, 0.09670000, 0.09670000, 0.09670000, 0.00768000, 0.09670000, 0.51306000, 0.55884500, 1461632605586
SafeThread-1, 258048, 0.09762100, 0.09762100, 0.09762100, 0.00774900, 0.09762100, 0.52542800, 0.57061900, 1461633235456
SafeThread-1, 258560, 0.09748000, 0.09748000, 0.09748000, 0.00738900, 0.09748000, 0.46407900, 0.51112500, 1461633805314
SafeThread-1, 259072, 0.09717900, 0.09717900, 0.09717900, 0.00783200, 0.09717900, 0.55057200, 0.59682300, 1461634461002
SafeThread-1, 259584, 0.09745200, 0.09745200, 0.09745200, 0.00735200, 0.09745200, 0.47921200, 0.52502500, 1461635045412
SafeThread-1, 260096, 0.09793700, 0.09793700, 0.09793700, 0.00734400, 0.09793700, 0.40862200, 0.45317600, 1461635558266
SafeThread-1, 260608, 0.09616200, 0.09616200, 0.09616200, 0.00730000, 0.09616200, 0.53951700, 0.58735300, 1461636204291
SafeThread-1, 261120, 0.09757100, 0.09757100, 0.09757100, 0.00751900, 0.09757100, 0.49279700, 0.53947100, 1461636802789
SafeThread-1, 261632, 0.09775400, 0.09775400, 0.09775400, 0.00741400, 0.09775400, 0.46258500, 0.50774800, 1461637369884
SafeThread-1, 262144, 0.09771600, 0.09771600, 0.09771600, 0.00728900, 0.09771600, 0.47900700, 0.52427200, 1461637953380
SafeThread-1, 262656, 0.09785100, 0.09785100, 0.09785100, 0.00725900, 0.09785100, 0.57100700, 0.61811900, 1461638631368
SafeThread-1, 263168, 0.09807500, 0.09807500, 0.09807500, 0.00766000, 0.09807500, 0.51446800, 0.56049600, 1461639251408
SafeThread-1, 263680, 0.09726000, 0.09726000, 0.09726000, 0.00733900, 0.09726000, 0.62570700, 0.67160400, 1461639982089
SafeThread-1, 264192, 0.09763200, 0.09763200, 0.09763200, 0.00746400, 0.09763200, 0.56550500, 0.61109900, 1461640651741
SafeThread-1, 264704, 0.09745200, 0.09745200, 0.09745200, 0.00712600, 0.09745200, 0.51986700, 0.56679400, 1461641277858
SafeThread-1, 265216, 0.09779700, 0.09779700, 0.09779700, 0.00741200, 0.09779700, 0.48959400, 0.53665100, 1461641873779
SafeThread-1, 265728, 0.09740900, 0.09740900, 0.09740900, 0.00733800, 0.09740900, 0.53373300, 0.58024900, 1461642513234
SafeThread-1, 266240, 0.09835300, 0.09835300, 0.09835300, 0.00750600, 0.09835300, 0.51948000, 0.56524800, 1461643137455
SafeThread-1, 266752, 0.09846700, 0.09846700, 0.09846700, 0.00742300, 0.09846700, 0.40009900, 0.44598600, 1461643643065
SafeThread-1, 267264, 0.09769400, 0.09769400, 0.09769400, 0.00724300, 0.09769400, 0.56106800, 0.60830000, 1461644310519
SafeThread-1, 267776, 0.09874200, 0.09874200, 0.09874200, 0.00727500, 0.09874200, 0.46940900, 0.51768300, 1461644888061
SafeThread-1, 268288, 0.09763400, 0.09763400, 0.09763400, 0.00734600, 0.09763400, 0.41595100, 0.46437200, 1461645411794
SafeThread-1, 268800, 0.09652500, 0.09652500, 0.09652500, 0.00755900, 0.09652500, 0.52207400, 0.57033900, 1461646041012
SafeThread-1, 269312, 0.09735200, 0.09735200, 0.09735200, 0.00773100, 0.09735200, 0.57278100, 0.62072300, 1461646720617
SafeThread-1, 269824, 0.09657300, 0.09657300, 0.09657300, 0.00752500, 0.09657300, 0.56795600, 0.61580100, 1461647395095
SafeThread-1, 270336, 0.09771000, 0.09771000, 0.09771000, 0.00748100, 0.09771000, 0.50778900, 0.55592400, 1461648010410
SafeThread-1, 270848, 0.09857600, 0.09857600, 0.09857600, 0.00757600, 0.09857600, 0.39687600, 0.44382000, 1461648513442
SafeThread-1, 271360, 0.09849500, 0.09849500, 0.09849500, 0.00757900, 0.09849500, 0.43191500, 0.48003700, 1461649052974
SafeThread-1, 271872, 0.09877900, 0.09877900, 0.09877900, 0.00735500, 0.09877900, 0.49260800, 0.53967300, 1461649652327
SafeThread-1, 272384, 0.09610700, 0.09610700, 0.09610700, 0.00727400, 0.09610700, 0.39938800, 0.44712600, 1461650157535
SafeThread-1, 272896, 0.09770000, 0.09770000, 0.09770000, 0.00748100, 0.09770000, 0.54781600, 0.59573800, 1461650812355
SafeThread-1, 273408, 0.09811200, 0.09811200, 0.09811200, 0.00722700, 0.09811200, 0.42294200, 0.47167100, 1461651343554
SafeThread-1, 273920, 0.09789900, 0.09789900, 0.09789900, 0.00730600, 0.09789900, 0.48505300, 0.53202200, 1461651934870
SafeThread-1, 274432, 0.09760400, 0.09760400, 0.09760400, 0.00763900, 0.09760400, 0.48658700, 0.53517900, 1461652529021
SafeThread-1, 274944, 0.09868800, 0.09868800, 0.09868800, 0.00768500, 0.09868800, 0.62080100, 0.66886600, 1461653257628
SafeThread-1, 275456, 0.09690400, 0.09690400, 0.09690400, 0.00739100, 0.09690400, 0.57958000, 0.62812600, 1461653944826
SafeThread-1, 275968, 0.09882600, 0.09882600, 0.09882600, 0.00750000, 0.09882600, 0.43233500, 0.48095300, 1461654485092
SafeThread-1, 276480, 0.09715500, 0.09715500, 0.09715500, 0.00758600, 0.09715500, 0.53703700, 0.58693700, 1461655130612
SafeThread-1, 276992, 0.09731000, 0.09731000, 0.09731000, 0.00737600, 0.09731000, 0.50657000, 0.55341700, 1461655743417
SafeThread-1, 277504, 0.09757100, 0.09757100, 0.09757100, 0.00723600, 0.09757100, 0.43121000, 0.48048600, 1461656283288
SafeThread-1, 278016, 0.09769300, 0.09769300, 0.09769300, 0.00739600, 0.09769300, 0.38224000, 0.43226000, 1461656775244
SafeThread-1, 278528, 0.09841700, 0.09841700, 0.09841700, 0.00756400, 0.09841700, 0.45921500, 0.50895100, 1461657344247
SafeThread-1, 279040, 0.09945900, 0.09945900, 0.09945900, 0.00769700, 0.09945900, 0.43096400, 0.47924400, 1461657883742
SafeThread-1, 279552, 0.10491800, 0.10491800, 0.10491800, 0.00811200, 0.10491800, 0.51939100, 0.57311500, 1461658518137
SafeThread-1, 280064, 0.09680000, 0.09680000, 0.09680000, 0.00746300, 0.09680000, 0.55657900, 0.60749400, 1461659184328
SafeThread-1, 280576, 0.09754600, 0.09754600, 0.09754600, 0.00719300, 0.09754600, 0.47193300, 0.52107600, 1461659765035
SafeThread-1, 281088, 0.10718300, 0.10718300, 0.10718300, 0.00824400, 0.10718300, 0.60094400, 0.65309700, 1461660480391
SafeThread-1, 281600, 0.09900500, 0.09900500, 0.09900500, 0.00756600, 0.09900500, 0.46202700, 0.51223600, 1461661052551
SafeThread-1, 282112, 0.13435000, 0.13435000, 0.13435000, 0.01070600, 0.13435000, 0.70285500, 0.76934000, 1461661890762
SafeThread-1, 282624, 0.18145900, 0.18145900, 0.18145900, 0.01546800, 0.18145900, 1.11093400, 1.19805800, 1461663170973
SafeThread-1, 283136, 0.18265300, 0.18265300, 0.18265300, 0.01565500, 0.18265300, 0.96938000, 1.05873900, 1461664313134
SafeThread-1, 283648, 0.18253300, 0.18253300, 0.18253300, 0.01572100, 0.18253300, 1.06389100, 1.15224700, 1461665547846
SafeThread-1, 284160, 0.18283300, 0.18283300, 0.18283300, 0.01506200, 0.18283300, 0.87367900, 0.96129000, 1461666591291
SafeThread-1, 284672, 0.16665600, 0.16665600, 0.16665600, 0.01439300, 0.16665600, 0.82000800, 0.89989900, 1461667571638
SafeThread-1, 285184, 0.12011700, 0.12011700, 0.12011700, 0.01039600, 0.12011700, 0.64844400, 0.70707400, 1461668345728
SafeThread-1, 285696, 0.10279700, 0.10279700, 0.10279700, 0.00778600, 0.10279700, 0.51884800, 0.56959800, 1461668976659
SafeThread-1, 286208, 0.09983000, 0.09983000, 0.09983000, 0.00773700, 0.09983000, 0.50095300, 0.55177400, 1461669588763
SafeThread-1, 286720, 0.10004100, 0.10004100, 0.10004100, 0.00752800, 0.10004100, 0.57371900, 0.62362200, 1461670272772
SafeThread-1, 287232, 0.09974600, 0.09974600, 0.09974600, 0.00747600, 0.09974600, 0.48704500, 0.53875200, 1461670872339
SafeThread-1, 287744, 0.10193600, 0.10193600, 0.10193600, 0.00769200, 0.10193600, 0.45159100, 0.50360400, 1461671436929
SafeThread-1, 288256, 0.09877200, 0.09877200, 0.09877200, 0.00707600, 0.09877200, 0.43665200, 0.48797700, 1461671984510
SafeThread-1, 288768, 0.09849300, 0.09849300, 0.09849300, 0.00726400, 0.09849300, 0.45816100, 0.50775000, 1461672552492
SafeThread-1, 289280, 0.09989000, 0.09989000, 0.09989000, 0.00759600, 0.09989000, 0.49282200, 0.54473000, 1461673157793
SafeThread-1, 289792, 0.09929500, 0.09929500, 0.09929500, 0.00781700, 0.09929500, 0.42696300, 0.47801500, 1461673696055
SafeThread-1, 290304, 0.09937000, 0.09937000, 0.09937000, 0.00739400, 0.09937000, 0.43470900, 0.48541200, 1461674241531
SafeThread-1, 290816, 0.10046500, 0.10046500, 0.10046500, 0.00758200, 0.10046500, 0.47620300, 0.52593800, 1461674828696
SafeThread-1, 291328, 0.09871500, 0.09871500, 0.09871500, 0.00762300, 0.09871500, 0.54149000, 0.59358600, 1461675481857
SafeThread-1, 291840, 0.09807700, 0.09807700, 0.09807700, 0.00759600, 0.09807700, 0.60265200, 0.65440600, 1461676195674
SafeThread-1, 292352, 0.09824700, 0.09824700, 0.09824700, 0.00725100, 0.09824700, 0.49981800, 0.55162100, 1461676807043
SafeThread-1, 292864, 0.10311200, 0.10311200, 0.10311200, 0.00815400, 0.10311200, 0.54414900, 0.59913000, 1461677468202
SafeThread-1, 293376, 0.10893200, 0.10893200, 0.10893200, 0.00903500, 0.10893200, 0.52858200, 0.58446800, 1461678116840
SafeThread-1, 293888, 0.13117900, 0.13117900, 0.13117900, 0.01103200, 0.13117900, 0.64867200, 0.71298800, 1461678902725
SafeThread-1, 294400, 0.09823500, 0.09823500, 0.09823500, 0.00708600, 0.09823500, 0.48605200, 0.53762500, 1461679500607
SafeThread-1, 294912, 0.09844600, 0.09844600, 0.09844600, 0.00738800, 0.09844600, 0.53127000, 0.58324700, 1461680143574
SafeThread-1, 295424, 0.09943800, 0.09943800, 0.09943800, 0.00736900, 0.09943800, 0.48570700, 0.53770900, 1461680741736
SafeThread-1, 295936, 0.10044800, 0.10044800, 0.10044800, 0.00744000, 0.10044800, 0.51709700, 0.56727500, 1461681369465
SafeThread-1, 296448, 0.09944500, 0.09944500, 0.09944500, 0.00721300, 0.09944500, 0.49812400, 0.54952600, 1461681979687
SafeThread-1, 296960, 0.09949300, 0.09949300, 0.09949300, 0.00718100, 0.09949300, 0.45199000, 0.50315100, 1461682542842
SafeThread-1, 297472, 0.09964300, 0.09964300, 0.09964300, 0.00748300, 0.09964300, 0.48469400, 0.53612600, 1461683139101
SafeThread-1, 297984, 0.09762600, 0.09762600, 0.09762600, 0.00739800, 0.09762600, 0.41097700, 0.46379400, 1461683662001
SafeThread-1, 298496, 0.10050700, 0.10050700, 0.10050700, 0.00757300, 0.10050700, 0.60873800, 0.65895100, 1461684382177
SafeThread-1, 299008, 0.09805700, 0.09805700, 0.09805700, 0.00770300, 0.09805700, 0.54912900, 0.60196300, 1461685043693
SafeThread-1, 299520, 0.09895700, 0.09895700, 0.09895700, 0.00727800, 0.09895700, 0.56978900, 0.62182800, 1461685725439
SafeThread-1, 300032, 0.09928000, 0.09928000, 0.09928000, 0.00771700, 0.09928000, 0.56067200, 0.61295200, 1461686398634
SafeThread-1, 300544, 0.09833400, 0.09833400, 0.09833400, 0.00722500, 0.09833400, 0.35751600, 0.41113200, 1461686869980
SafeThread-1, 301056, 0.09680100, 0.09680100, 0.09680100, 0.00735600, 0.09680100, 0.47373700, 0.52832300, 1461687456986
SafeThread-1, 301568, 0.09892700, 0.09892700, 0.09892700, 0.00760800, 0.09892700, 0.50653800, 0.55825900, 1461688075082
SafeThread-1, 302080, 0.09734200, 0.09734200, 0.09734200, 0.00746800, 0.09734200, 0.56292900, 0.61677300, 1461688750733
SafeThread-1, 302592, 0.09739400, 0.09739400, 0.09739400, 0.00739000, 0.09739400, 0.51663200, 0.56854600, 1461689378430
SafeThread-1, 303104, 0.09749600, 0.09749600, 0.09749600, 0.00762700, 0.09749600, 0.50820500, 0.56230100, 1461690000118
SafeThread-1, 303616, 0.09709300, 0.09709300, 0.09709300, 0.00766100, 0.09709300, 0.52349800, 0.57536200, 1461690633828
SafeThread-1, 304128, 0.09738600, 0.09738600, 0.09738600, 0.00743800, 0.09738600, 0.57654500, 0.62922400, 1461691322462
SafeThread-1, 304640, 0.09654500, 0.09654500, 0.09654500, 0.00735400, 0.09654500, 0.43616600, 0.48722800, 1461691868690
SafeThread-1, 305152, 0.09681100, 0.09681100, 0.09681100, 0.00737400, 0.09681100, 0.60825100, 0.66132700, 1461692588919
SafeThread-1, 305664, 0.09870000, 0.09870000, 0.09870000, 0.00741600, 0.09870000, 0.53811400, 0.58958500, 1461693237914
SafeThread-1, 306176, 0.09776700, 0.09776700, 0.09776700, 0.00778700, 0.09776700, 0.43086000, 0.48577500, 1461693782771
SafeThread-1, 306688, 0.09728700, 0.09728700, 0.09728700, 0.00732900, 0.09728700, 0.51868600, 0.57238600, 1461694414199
SafeThread-1, 307200, 0.09681100, 0.09681100, 0.09681100, 0.00728000, 0.09681100, 0.53819500, 0.59190100, 1461695064689
SafeThread-1, 307712, 0.09728200, 0.09728200, 0.09728200, 0.00728900, 0.09728200, 0.43093200, 0.48339400, 1461695607193
SafeThread-1, 308224, 0.09869200, 0.09869200, 0.09869200, 0.00796900, 0.09869200, 0.50036300, 0.55523700, 1461696222007
SafeThread-1, 308736, 0.09718500, 0.09718500, 0.09718500, 0.00729200, 0.09718500, 0.47097900, 0.52377100, 1461696805161
SafeThread-1, 309248, 0.09715500, 0.09715500, 0.09715500, 0.00734000, 0.09715500, 0.59239800, 0.64811000, 1461697512746
SafeThread-1, 309760, 0.09692300, 0.09692300, 0.09692300, 0.00738300, 0.09692300, 0.44474800, 0.49841500, 1461698070369
SafeThread-1, 310272, 0.09780100, 0.09780100, 0.09780100, 0.00752600, 0.09780100, 0.47850700, 0.53083900, 1461698660349
SafeThread-1, 310784, 0.09762000, 0.09762000, 0.09762000, 0.00716700, 0.09762000, 0.49105000, 0.54503200, 1461699265063
SafeThread-1, 311296, 0.09734900, 0.09734900, 0.09734900, 0.00724500, 0.09734900, 0.52045600, 0.57546900, 1461699900214
SafeThread-1, 311808, 0.09752600, 0.09752600, 0.09752600, 0.00732400, 0.09752600, 0.53525900, 0.58781300, 1461700547463
SafeThread-1, 312320, 0.09724300, 0.09724300, 0.09724300, 0.00723300, 0.09724300, 0.45757500, 0.51252800, 1461701119530
SafeThread-1, 312832, 0.09655100, 0.09655100, 0.09655100, 0.00788100, 0.09655100, 0.41240800, 0.46676000, 1461701645114
SafeThread-1, 313344, 0.09838500, 0.09838500, 0.09838500, 0.00746100, 0.09838500, 0.56283800, 0.61636900, 1461702321072
SafeThread-1, 313856, 0.09725500, 0.09725500, 0.09725500, 0.00739800, 0.09725500, 0.51354300, 0.56718400, 1461702947294
SafeThread-1, 314368, 0.09799800, 0.09799800, 0.09799800, 0.00761500, 0.09799800, 0.61297000, 0.66806900, 1461703674772
SafeThread-1, 314880, 0.09649200, 0.09649200, 0.09649200, 0.00774500, 0.09649200, 0.54102000, 0.59454300, 1461704328016
SafeThread-1, 315392, 0.09899100, 0.09899100, 0.09899100, 0.00766500, 0.09899100, 0.46662900, 0.52071200, 1461704909159
SafeThread-1, 315904, 0.09658500, 0.09658500, 0.09658500, 0.00727800, 0.09658500, 0.53446300, 0.59175100, 1461705560138
SafeThread-1, 316416, 0.09811500, 0.09811500, 0.09811500, 0.00737900, 0.09811500, 0.52730900, 0.58110300, 1461706200853
SafeThread-1, 316928, 0.09877600, 0.09877600, 0.09877600, 0.00732600, 0.09877600, 0.58215200, 0.63641000, 1461706897275
SafeThread-1, 317440, 0.09865200, 0.09865200, 0.09865200, 0.00758600, 0.09865200, 0.61207600, 0.66500500, 1461707621670
SafeThread-1, 317952, 0.09766700, 0.09766700, 0.09766700, 0.00767800, 0.09766700, 0.40987300, 0.46537000, 1461708146093
SafeThread-1, 318464, 0.09835900, 0.09835900, 0.09835900, 0.00748300, 0.09835900, 0.48256000, 0.53864300, 1461708744854
SafeThread-1, 318976, 0.09702700, 0.09702700, 0.09702700, 0.00709400, 0.09702700, 0.49365400, 0.54962100, 1461709354020
SafeThread-1, 319488, 0.09853600, 0.09853600, 0.09853600, 0.00781400, 0.09853600, 0.55716900, 0.61268900, 1461710026318
SafeThread-1, 320000, 0.09888000, 0.09888000, 0.09888000, 0.00756500, 0.09888000, 0.57231000, 0.62774900, 1461710714007
SafeThread-1, 320512, 0.09795500, 0.09795500, 0.09795500, 0.00759100, 0.09795500, 0.47644000, 0.53125600, 1461711305591
SafeThread-1, 321024, 0.09835100, 0.09835100, 0.09835100, 0.00757400, 0.09835100, 0.47330700, 0.52902500, 1461711894196
SafeThread-1, 321536, 0.09843900, 0.09843900, 0.09843900, 0.00756300, 0.09843900, 0.47152600, 0.52633300, 1461712479998
SafeThread-1, 322048, 0.09905500, 0.09905500, 0.09905500, 0.00754200, 0.09905500, 0.53582200, 0.59125500, 1461713130607
SafeThread-1, 322560, 0.09682100, 0.09682100, 0.09682100, 0.00757800, 0.09682100, 0.45772900, 0.51378100, 1461713703185
SafeThread-1, 323072, 0.09825500, 0.09825500, 0.09825500, 0.00745900, 0.09825500, 0.46076900, 0.51655400, 1461714279223
SafeThread-1, 323584, 0.09796400, 0.09796400, 0.09796400, 0.00742700, 0.09796400, 0.50733400, 0.56308500, 1461714901923
SafeThread-1, 324096, 0.09770600, 0.09770600, 0.09770600, 0.00752900, 0.09770600, 0.47291800, 0.52889300, 1461715489978
SafeThread-1, 324608, 0.09701200, 0.09701200, 0.09701200, 0.00722400, 0.09701200, 0.51828400, 0.57398600, 1461716122860
SafeThread-1, 325120, 0.09960400, 0.09960400, 0.09960400, 0.00743200, 0.09960400, 0.51756500, 0.57360100, 1461716756581
SafeThread-1, 325632, 0.09846500, 0.09846500, 0.09846500, 0.00745500, 0.09846500, 0.50589600, 0.56051200, 1461717376873
SafeThread-1, 326144, 0.09806900, 0.09806900, 0.09806900, 0.00787700, 0.09806900, 0.47385100, 0.52935500, 1461717965737
SafeThread-1, 326656, 0.09864000, 0.09864000, 0.09864000, 0.00734500, 0.09864000, 0.50497300, 0.56117900, 1461718587088
SafeThread-1, 327168, 0.09797800, 0.09797800, 0.09797800, 0.00759300, 0.09797800, 0.43362500, 0.48899200, 1461719135606
SafeThread-1, 327680, 0.09777900, 0.09777900, 0.09777900, 0.00729500, 0.09777900, 0.53164900, 0.58978100, 1461719784733
SafeThread-1, 328192, 0.09930100, 0.09930100, 0.09930100, 0.00760400, 0.09930100, 0.49280100, 0.54852400, 1461720393864
SafeThread-1, 328704, 0.09854700, 0.09854700, 0.09854700, 0.00783300, 0.09854700, 0.58528900, 0.63957500, 1461721092564
SafeThread-1, 329216, 0.09803800, 0.09803800, 0.09803800, 0.00744600, 0.09803800, 0.46085700, 0.51717100, 1461721669257
SafeThread-1, 329728, 0.09712900, 0.09712900, 0.09712900, 0.00718200, 0.09712900, 0.50499800, 0.56244000, 1461722290405
SafeThread-1, 330240, 0.09771200, 0.09771200, 0.09771200, 0.00733700, 0.09771200, 0.65501700, 0.71189600, 1461723061801
SafeThread-1, 330752, 0.09803100, 0.09803100, 0.09803100, 0.00750000, 0.09803100, 0.60475300, 0.66316800, 1461723784125
SafeThread-1, 331264, 0.09849700, 0.09849700, 0.09849700, 0.00753200, 0.09849700, 0.50815400, 0.56315600, 1461724406587
SafeThread-1, 331776, 0.09663400, 0.09663400, 0.09663400, 0.00725000, 0.09663400, 0.62681800, 0.68207000, 1461725147916
SafeThread-1, 332288, 0.09754100, 0.09754100, 0.09754100, 0.00740900, 0.09754100, 0.52481300, 0.58163000, 1461725789133
SafeThread-1, 332800, 0.09814600, 0.09814600, 0.09814600, 0.00705100, 0.09814600, 0.48992500, 0.54705200, 1461726396092
SafeThread-1, 333312, 0.09888300, 0.09888300, 0.09888300, 0.00748000, 0.09888300, 0.41841600, 0.47574900, 1461726931647
SafeThread-1, 333824, 0.09770500, 0.09770500, 0.09770500, 0.00750600, 0.09770500, 0.41508600, 0.47360300, 1461727465159
SafeThread-1, 334336, 0.09802000, 0.09802000, 0.09802000, 0.00757600, 0.09802000, 0.55676100, 0.61446900, 1461728138852
SafeThread-1, 334848, 0.09757300, 0.09757300, 0.09757300, 0.00748900, 0.09757300, 0.46216800, 0.51984100, 1461728717791
SafeThread-1, 335360, 0.09790100, 0.09790100, 0.09790100, 0.00771800, 0.09790100, 0.46413200, 0.52114600, 1461729297671
SafeThread-1, 335872, 0.09853200, 0.09853200, 0.09853200, 0.00762700, 0.09853200, 0.49463700, 0.55127800, 1461729908639
SafeThread-1, 336384, 0.09686000, 0.09686000, 0.09686000, 0.00732900, 0.09686000, 0.50045500, 0.55671900, 1461730524378
SafeThread-1, 336896, 0.09780100, 0.09780100, 0.09780100, 0.00751400, 0.09780100, 0.45105100, 0.50775800, 1461731091697
SafeThread-1, 337408, 0.09847700, 0.09847700, 0.09847700, 0.00721100, 0.09847700, 0.60451800, 0.66171500, 1461731812995
SafeThread-1, 337920, 0.09875300, 0.09875300, 0.09875300, 0.00750800, 0.09875300, 0.47633400, 0.53403800, 1461732406474
SafeThread-1, 338432, 0.09779400, 0.09779400, 0.09779400, 0.00745600, 0.09779400, 0.47556700, 0.53295700, 1461732998313
SafeThread-1, 338944, 0.09686700, 0.09686700, 0.09686700, 0.00747700, 0.09686700, 0.54918700, 0.60766100, 1461733664460
SafeThread-1, 339456, 0.09739200, 0.09739200, 0.09739200, 0.00725500, 0.09739200, 0.56603400, 0.62237900, 1461734345925
SafeThread-1, 339968, 0.09700200, 0.09700200, 0.09700200, 0.00766500, 0.09700200, 0.46445800, 0.52106300, 1461734925647
SafeThread-1, 340480, 0.09785300, 0.09785300, 0.09785300, 0.00739600, 0.09785300, 0.41560800, 0.47300400, 1461735457458
SafeThread-1, 340992, 0.09677900, 0.09677900, 0.09677900, 0.00763400, 0.09677900, 0.49285600, 0.55029000, 1461736066262
SafeThread-1, 341504, 0.09604000, 0.09604000, 0.09604000, 0.00759300, 0.09604000, 0.47322700, 0.53153400, 1461736655980
SafeThread-1, 342016, 0.09751800, 0.09751800, 0.09751800, 0.00742800, 0.09751800, 0.47739800, 0.53605200, 1461737250865
SafeThread-1, 342528, 0.09748300, 0.09748300, 0.09748300, 0.00782700, 0.09748300, 0.41615300, 0.47382700, 1461737783280
SafeThread-1, 343040, 0.09781100, 0.09781100, 0.09781100, 0.00723800, 0.09781100, 0.49193700, 0.55035300, 1461738392806
SafeThread-1, 343552, 0.09814900, 0.09814900, 0.09814900, 0.00748800, 0.09814900, 0.47971000, 0.53918900, 1461738991044
SafeThread-1, 344064, 0.09718500, 0.09718500, 0.09718500, 0.00735800, 0.09718500, 0.51086600, 0.56860400, 1461739618391
SafeThread-1, 344576, 0.09653200, 0.09653200, 0.09653200, 0.00719400, 0.09653200, 0.46735300, 0.52398500, 1461740201448
SafeThread-1, 345088, 0.09867000, 0.09867000, 0.09867000, 0.00786300, 0.09867000, 0.56211300, 0.62110400, 1461740882298
SafeThread-1, 345600, 0.09847000, 0.09847000, 0.09847000, 0.00748500, 0.09847000, 0.54975300, 0.60739800, 1461741549124
SafeThread-1, 346112, 0.09794500, 0.09794500, 0.09794500, 0.00786900, 0.09794500, 0.57596900, 0.63399800, 1461742242557
SafeThread-1, 346624, 0.09759400, 0.09759400, 0.09759400, 0.00733100, 0.09759400, 0.54785700, 0.60677000, 1461742908422
SafeThread-1, 347136, 0.09804400, 0.09804400, 0.09804400, 0.00785900, 0.09804400, 0.60603700, 0.66573100, 1461743633072
SafeThread-1, 347648, 0.09916100, 0.09916100, 0.09916100, 0.00732900, 0.09916100, 0.65127600, 0.70935800, 1461744402847
SafeThread-1, 348160, 0.09810000, 0.09810000, 0.09810000, 0.00768500, 0.09810000, 0.51211600, 0.57377900, 1461745035889
SafeThread-1, 348672, 0.09882400, 0.09882400, 0.09882400, 0.00746100, 0.09882400, 0.48369600, 0.54234500, 1461745637805
SafeThread-1, 349184, 0.09794700, 0.09794700, 0.09794700, 0.00738100, 0.09794700, 0.46342900, 0.52485600, 1461746222710
SafeThread-1, 349696, 0.09663400, 0.09663400, 0.09663400, 0.00747200, 0.09663400, 0.47716200, 0.53733500, 1461746819055
SafeThread-1, 350208, 0.09874600, 0.09874600, 0.09874600, 0.00764000, 0.09874600, 0.51070400, 0.56911800, 1461747448191
SafeThread-1, 350720, 0.09720900, 0.09720900, 0.09720900, 0.00728900, 0.09720900, 0.48056100, 0.54045900, 1461748047882
SafeThread-1, 351232, 0.09934000, 0.09934000, 0.09934000, 0.00733200, 0.09934000, 0.42102500, 0.48001500, 1461748587781
SafeThread-1, 351744, 0.09886700, 0.09886700, 0.09886700, 0.00752600, 0.09886700, 0.50459400, 0.56571600, 1461749213285
SafeThread-1, 352256, 0.09760300, 0.09760300, 0.09760300, 0.00726000, 0.09760300, 0.56855800, 0.62801900, 1461749900348
SafeThread-1, 352768, 0.09770800, 0.09770800, 0.09770800, 0.00750300, 0.09770800, 0.44817000, 0.50920000, 1461750469246
SafeThread-1, 353280, 0.09874100, 0.09874100, 0.09874100, 0.00715200, 0.09874100, 0.42283100, 0.48336900, 1461751012886
SafeThread-1, 353792, 0.10071500, 0.10071500, 0.10071500, 0.00785900, 0.10071500, 0.55841600, 0.61962100, 1461751693032
SafeThread-1, 354304, 0.09830500, 0.09830500, 0.09830500, 0.00719400, 0.09830500, 0.51283900, 0.57377000, 1461752326835
SafeThread-1, 354816, 0.09848600, 0.09848600, 0.09848600, 0.00731500, 0.09848600, 0.42038900, 0.48057900, 1461752867222
SafeThread-1, 355328, 0.09850200, 0.09850200, 0.09850200, 0.00744600, 0.09850200, 0.46425300, 0.52456200, 1461753451632
SafeThread-1, 355840, 0.09773100, 0.09773100, 0.09773100, 0.00759400, 0.09773100, 0.56980100, 0.63006100, 1461754140884
SafeThread-1, 356352, 0.09828800, 0.09828800, 0.09828800, 0.00747500, 0.09828800, 0.58394400, 0.64424300, 1461754844868
SafeThread-1, 356864, 0.09800000, 0.09800000, 0.09800000, 0.00735200, 0.09800000, 0.60849500, 0.66947500, 1461755573701
SafeThread-1, 357376, 0.09932600, 0.09932600, 0.09932600, 0.00760600, 0.09932600, 0.55429900, 0.61440400, 1461756248452
SafeThread-1, 357888, 0.09852000, 0.09852000, 0.09852000, 0.00766700, 0.09852000, 0.58714800, 0.64809200, 1461756956011
SafeThread-1, 358400, 0.09802100, 0.09802100, 0.09802100, 0.00768600, 0.09802100, 0.41994800, 0.48141400, 1461757497216
SafeThread-1, 358912, 0.09813700, 0.09813700, 0.09813700, 0.00730500, 0.09813700, 0.42163700, 0.48239600, 1461758039264
SafeThread-1, 359424, 0.09838100, 0.09838100, 0.09838100, 0.00747900, 0.09838100, 0.57080300, 0.63102500, 1461758730402
SafeThread-1, 359936, 0.09864600, 0.09864600, 0.09864600, 0.00763200, 0.09864600, 0.49626600, 0.55840300, 1461759348862
SafeThread-1, 360448, 0.09789000, 0.09789000, 0.09789000, 0.00712400, 0.09789000, 0.57196100, 0.63295900, 1461760041572
SafeThread-1, 360960, 0.09777700, 0.09777700, 0.09777700, 0.00731200, 0.09777700, 0.52666600, 0.58819000, 1461760689558
SafeThread-1, 361472, 0.09991600, 0.09991600, 0.09991600, 0.00755900, 0.09991600, 0.48442800, 0.54681300, 1461761296865
SafeThread-1, 361984, 0.09814700, 0.09814700, 0.09814700, 0.00785000, 0.09814700, 0.60582200, 0.66897600, 1461762025698
SafeThread-1, 362496, 0.09900200, 0.09900200, 0.09900200, 0.00749800, 0.09900200, 0.60557900, 0.66772900, 1461762753837
SafeThread-1, 363008, 0.09874700, 0.09874700, 0.09874700, 0.00758400, 0.09874700, 0.52066200, 0.58231100, 1461763396707
SafeThread-1, 363520, 0.09694900, 0.09694900, 0.09694900, 0.00750500, 0.09694900, 0.56198400, 0.62350700, 1461764079156
SafeThread-1, 364032, 0.09717400, 0.09717400, 0.09717400, 0.00724300, 0.09717400, 0.58619900, 0.64963400, 1461764787914
SafeThread-1, 364544, 0.09597600, 0.09597600, 0.09597600, 0.00747300, 0.09597600, 0.53651400, 0.59975200, 1461765446158
SafeThread-1, 365056, 0.09550500, 0.09550500, 0.09550500, 0.00755900, 0.09550500, 0.45865100, 0.51967200, 1461766024557
SafeThread-1, 365568, 0.09745200, 0.09745200, 0.09745200, 0.00749600, 0.09745200, 0.50614000, 0.56578600, 1461766649221
SafeThread-1, 366080, 0.09769200, 0.09769200, 0.09769200, 0.00760700, 0.09769200, 0.43532000, 0.49500600, 1461767202839
SafeThread-1, 366592, 0.09779500, 0.09779500, 0.09779500, 0.00755000, 0.09779500, 0.46024500, 0.52222100, 1461767784023
SafeThread-1, 367104, 0.09755900, 0.09755900, 0.09755900, 0.00747200, 0.09755900, 0.51773200, 0.57924300, 1461768422361
SafeThread-1, 367616, 0.09770800, 0.09770800, 0.09770800, 0.00770200, 0.09770800, 0.50029600, 0.56228400, 1461769043554
SafeThread-1, 368128, 0.09707100, 0.09707100, 0.09707100, 0.00757800, 0.09707100, 0.53143400, 0.59314100, 1461769695543
SafeThread-1, 368640, 0.09593000, 0.09593000, 0.09593000, 0.00705200, 0.09593000, 0.55961300, 0.62290900, 1461770377039
SafeThread-1, 369152, 0.09833000, 0.09833000, 0.09833000, 0.00766800, 0.09833000, 0.56356200, 0.62367600, 1461771060119
SafeThread-1, 369664, 0.09720300, 0.09720300, 0.09720300, 0.00725000, 0.09720300, 0.56608100, 0.62856800, 1461771747113
SafeThread-1, 370176, 0.09779000, 0.09779000, 0.09779000, 0.00736500, 0.09779000, 0.43414200, 0.49432100, 1461772300348
SafeThread-1, 370688, 0.09655100, 0.09655100, 0.09655100, 0.00738100, 0.09655100, 0.51817500, 0.58059400, 1461772939479
SafeThread-1, 371200, 0.09789500, 0.09789500, 0.09789500, 0.00781200, 0.09789500, 0.58303100, 0.64390200, 1461773642337
SafeThread-1, 371712, 0.09651100, 0.09651100, 0.09651100, 0.00738300, 0.09651100, 0.52288700, 0.58572500, 1461774286163
SafeThread-1, 372224, 0.09668700, 0.09668700, 0.09668700, 0.00727100, 0.09668700, 0.56350900, 0.62471700, 1461774969971
SafeThread-1, 372736, 0.09571900, 0.09571900, 0.09571900, 0.00779800, 0.09571900, 0.50098600, 0.56169700, 1461775589515
SafeThread-1, 373248, 0.09535600, 0.09535600, 0.09535600, 0.00737100, 0.09535600, 0.60260300, 0.66562600, 1461776312679
SafeThread-1, 373760, 0.09553700, 0.09553700, 0.09553700, 0.00746000, 0.09553700, 0.45995100, 0.52164100, 1461776891845
SafeThread-1, 374272, 0.09541200, 0.09541200, 0.09541200, 0.00737700, 0.09541200, 0.49974900, 0.56164400, 1461777511065
SafeThread-1, 374784, 0.09555500, 0.09555500, 0.09555500, 0.00737400, 0.09555500, 0.55999600, 0.62236700, 1461778191134
SafeThread-1, 375296, 0.09595300, 0.09595300, 0.09595300, 0.00720600, 0.09595300, 0.60233400, 0.66305100, 1461778911651
SafeThread-1, 375808, 0.09529500, 0.09529500, 0.09529500, 0.00755500, 0.09529500, 0.48097500, 0.54293000, 1461779512420
SafeThread-1, 376320, 0.09619900, 0.09619900, 0.09619900, 0.00744300, 0.09619900, 0.53023700, 0.59099400, 1461780161534
SafeThread-1, 376832, 0.09483700, 0.09483700, 0.09483700, 0.00793800, 0.09483700, 0.48507000, 0.54689800, 1461780765574
SafeThread-1, 377344, 0.09539200, 0.09539200, 0.09539200, 0.00734300, 0.09539200, 0.48654000, 0.54665700, 1461781370063
SafeThread-1, 377856, 0.09553400, 0.09553400, 0.09553400, 0.00767500, 0.09553400, 0.57108800, 0.63460600, 1461782062792
SafeThread-1, 378368, 0.09599600, 0.09599600, 0.09599600, 0.00741100, 0.09599600, 0.48389300, 0.54714700, 1461782668494
SafeThread-1, 378880, 0.09518300, 0.09518300, 0.09518300, 0.00769100, 0.09518300, 0.45651600, 0.51864800, 1461783245304
SafeThread-1, 379392, 0.09510900, 0.09510900, 0.09510900, 0.00752900, 0.09510900, 0.50044300, 0.56340100, 1461783866439
SafeThread-1, 379904, 0.09535700, 0.09535700, 0.09535700, 0.00780700, 0.09535700, 0.42874400, 0.49103400, 1461784415583
SafeThread-1, 380416, 0.09545600, 0.09545600, 0.09545600, 0.00768900, 0.09545600, 0.44333100, 0.50650200, 1461784980219
SafeThread-1, 380928, 0.09697700, 0.09697700, 0.09697700, 0.00774700, 0.09697700, 0.44795500, 0.50801500, 1461785546312
SafeThread-1, 381440, 0.09549800, 0.09549800, 0.09549800, 0.00791200, 0.09549800, 0.52111200, 0.58310100, 1461786187331
SafeThread-1, 381952, 0.09590700, 0.09590700, 0.09590700, 0.00740600, 0.09590700, 0.53578900, 0.59832400, 1461786842953
SafeThread-1, 382464, 0.09517500, 0.09517500, 0.09517500, 0.00724500, 0.09517500, 0.48994900, 0.55294200, 1461787453462
SafeThread-1, 382976, 0.09447200, 0.09447200, 0.09447200, 0.00758000, 0.09447200, 0.49869200, 0.56288000, 1461788073669
SafeThread-1, 383488, 0.09400000, 0.09400000, 0.09400000, 0.00715300, 0.09400000, 0.51120700, 0.57496300, 1461788706095
SafeThread-1, 384000, 0.09625500, 0.09625500, 0.09625500, 0.00729600, 0.09625500, 0.51485900, 0.57875700, 1461789343413
SafeThread-1, 384512, 0.09440200, 0.09440200, 0.09440200, 0.00706600, 0.09440200, 0.48503100, 0.54980900, 1461789950763
SafeThread-1, 385024, 0.09597600, 0.09597600, 0.09597600, 0.0076490